
  You can now view your Streamlit app in your browser.

  Local URL: http://localhost:8501
  Network URL: http://192.168.1.10:8501

  For better performance, install the Watchdog module:

  $ xcode-select --install
  $ pip install watchdog
            
2026-02-26 09:31:18.995 Please replace `use_container_width` with `width`.

`use_container_width` will be removed after 2025-12-31.

For `use_container_width=True`, use `width='stretch'`. For `use_container_width=False`, use `width='content'`.
2026-02-26 09:31:19.004 Please replace `use_container_width` with `width`.

`use_container_width` will be removed after 2025-12-31.

For `use_container_width=True`, use `width='stretch'`. For `use_container_width=False`, use `width='content'`.
2026-02-26 09:31:19.036 Please replace `use_container_width` with `width`.

`use_container_width` will be removed after 2025-12-31.

For `use_container_width=True`, use `width='stretch'`. For `use_container_width=False`, use `width='content'`.
2026-02-26 09:31:19.043 Please replace `use_container_width` with `width`.

`use_container_width` will be removed after 2025-12-31.

For `use_container_width=True`, use `width='stretch'`. For `use_container_width=False`, use `width='content'`.
2026-02-26 09:31:19.049 Please replace `use_container_width` with `width`.

`use_container_width` will be removed after 2025-12-31.

For `use_container_width=True`, use `width='stretch'`. For `use_container_width=False`, use `width='content'`.
2026-02-26 09:31:19.050 Please replace `use_container_width` with `width`.

`use_container_width` will be removed after 2025-12-31.

For `use_container_width=True`, use `width='stretch'`. For `use_container_width=False`, use `width='content'`.
2026-02-26 09:31:19.062 Please replace `use_container_width` with `width`.

`use_container_width` will be removed after 2025-12-31.

For `use_container_width=True`, use `width='stretch'`. For `use_container_width=False`, use `width='content'`.
2026-02-26 09:31:19.070 Please replace `use_container_width` with `width`.

`use_container_width` will be removed after 2025-12-31.

For `use_container_width=True`, use `width='stretch'`. For `use_container_width=False`, use `width='content'`.
2026-02-26 09:31:19.076 Please replace `use_container_width` with `width`.

`use_container_width` will be removed after 2025-12-31.

For `use_container_width=True`, use `width='stretch'`. For `use_container_width=False`, use `width='content'`.
2026-02-26 09:31:19.097 Please replace `use_container_width` with `width`.

`use_container_width` will be removed after 2025-12-31.

For `use_container_width=True`, use `width='stretch'`. For `use_container_width=False`, use `width='content'`.
2026-02-26 09:35:25.864 Please replace `use_container_width` with `width`.

`use_container_width` will be removed after 2025-12-31.

For `use_container_width=True`, use `width='stretch'`. For `use_container_width=False`, use `width='content'`.
2026-02-26 09:35:25.872 Please replace `use_container_width` with `width`.

`use_container_width` will be removed after 2025-12-31.

For `use_container_width=True`, use `width='stretch'`. For `use_container_width=False`, use `width='content'`.
2026-02-26 09:35:25.912 Please replace `use_container_width` with `width`.

`use_container_width` will be removed after 2025-12-31.

For `use_container_width=True`, use `width='stretch'`. For `use_container_width=False`, use `width='content'`.
2026-02-26 09:35:25.921 Please replace `use_container_width` with `width`.

`use_container_width` will be removed after 2025-12-31.

For `use_container_width=True`, use `width='stretch'`. For `use_container_width=False`, use `width='content'`.
2026-02-26 09:35:25.929 Please replace `use_container_width` with `width`.

`use_container_width` will be removed after 2025-12-31.

For `use_container_width=True`, use `width='stretch'`. For `use_container_width=False`, use `width='content'`.
2026-02-26 09:35:25.931 Please replace `use_container_width` with `width`.

`use_container_width` will be removed after 2025-12-31.

For `use_container_width=True`, use `width='stretch'`. For `use_container_width=False`, use `width='content'`.
2026-02-26 09:35:25.944 Please replace `use_container_width` with `width`.

`use_container_width` will be removed after 2025-12-31.

For `use_container_width=True`, use `width='stretch'`. For `use_container_width=False`, use `width='content'`.
2026-02-26 09:35:25.954 Please replace `use_container_width` with `width`.

`use_container_width` will be removed after 2025-12-31.

For `use_container_width=True`, use `width='stretch'`. For `use_container_width=False`, use `width='content'`.
2026-02-26 09:35:25.963 Please replace `use_container_width` with `width`.

`use_container_width` will be removed after 2025-12-31.

For `use_container_width=True`, use `width='stretch'`. For `use_container_width=False`, use `width='content'`.
2026-02-26 09:35:25.978 Please replace `use_container_width` with `width`.

`use_container_width` will be removed after 2025-12-31.

For `use_container_width=True`, use `width='stretch'`. For `use_container_width=False`, use `width='content'`.
2026-02-26 09:46:09.545 Please replace `use_container_width` with `width`.

`use_container_width` will be removed after 2025-12-31.

For `use_container_width=True`, use `width='stretch'`. For `use_container_width=False`, use `width='content'`.
2026-02-26 09:46:09.553 Please replace `use_container_width` with `width`.

`use_container_width` will be removed after 2025-12-31.

For `use_container_width=True`, use `width='stretch'`. For `use_container_width=False`, use `width='content'`.
2026-02-26 09:46:09.597 Please replace `use_container_width` with `width`.

`use_container_width` will be removed after 2025-12-31.

For `use_container_width=True`, use `width='stretch'`. For `use_container_width=False`, use `width='content'`.
2026-02-26 09:46:09.605 Please replace `use_container_width` with `width`.

`use_container_width` will be removed after 2025-12-31.

For `use_container_width=True`, use `width='stretch'`. For `use_container_width=False`, use `width='content'`.
2026-02-26 09:46:09.618 Please replace `use_container_width` with `width`.

`use_container_width` will be removed after 2025-12-31.

For `use_container_width=True`, use `width='stretch'`. For `use_container_width=False`, use `width='content'`.
2026-02-26 09:46:09.619 Please replace `use_container_width` with `width`.

`use_container_width` will be removed after 2025-12-31.

For `use_container_width=True`, use `width='stretch'`. For `use_container_width=False`, use `width='content'`.
2026-02-26 09:46:09.633 Please replace `use_container_width` with `width`.

`use_container_width` will be removed after 2025-12-31.

For `use_container_width=True`, use `width='stretch'`. For `use_container_width=False`, use `width='content'`.
2026-02-26 09:46:09.643 Please replace `use_container_width` with `width`.

`use_container_width` will be removed after 2025-12-31.

For `use_container_width=True`, use `width='stretch'`. For `use_container_width=False`, use `width='content'`.
2026-02-26 09:46:09.652 Please replace `use_container_width` with `width`.

`use_container_width` will be removed after 2025-12-31.

For `use_container_width=True`, use `width='stretch'`. For `use_container_width=False`, use `width='content'`.
2026-02-26 09:46:09.667 Please replace `use_container_width` with `width`.

`use_container_width` will be removed after 2025-12-31.

For `use_container_width=True`, use `width='stretch'`. For `use_container_width=False`, use `width='content'`.
2026-02-26 09:46:15.213 Please replace `use_container_width` with `width`.

`use_container_width` will be removed after 2025-12-31.

For `use_container_width=True`, use `width='stretch'`. For `use_container_width=False`, use `width='content'`.
2026-02-26 09:46:15.221 Please replace `use_container_width` with `width`.

`use_container_width` will be removed after 2025-12-31.

For `use_container_width=True`, use `width='stretch'`. For `use_container_width=False`, use `width='content'`.
2026-02-26 09:46:15.251 Please replace `use_container_width` with `width`.

`use_container_width` will be removed after 2025-12-31.

For `use_container_width=True`, use `width='stretch'`. For `use_container_width=False`, use `width='content'`.
2026-02-26 09:46:15.261 Please replace `use_container_width` with `width`.

`use_container_width` will be removed after 2025-12-31.

For `use_container_width=True`, use `width='stretch'`. For `use_container_width=False`, use `width='content'`.
2026-02-26 09:46:15.270 Please replace `use_container_width` with `width`.

`use_container_width` will be removed after 2025-12-31.

For `use_container_width=True`, use `width='stretch'`. For `use_container_width=False`, use `width='content'`.
2026-02-26 09:46:15.272 Please replace `use_container_width` with `width`.

`use_container_width` will be removed after 2025-12-31.

For `use_container_width=True`, use `width='stretch'`. For `use_container_width=False`, use `width='content'`.
2026-02-26 09:46:15.281 Please replace `use_container_width` with `width`.

`use_container_width` will be removed after 2025-12-31.

For `use_container_width=True`, use `width='stretch'`. For `use_container_width=False`, use `width='content'`.
2026-02-26 09:46:15.291 Please replace `use_container_width` with `width`.

`use_container_width` will be removed after 2025-12-31.

For `use_container_width=True`, use `width='stretch'`. For `use_container_width=False`, use `width='content'`.
2026-02-26 09:46:15.301 Please replace `use_container_width` with `width`.

`use_container_width` will be removed after 2025-12-31.

For `use_container_width=True`, use `width='stretch'`. For `use_container_width=False`, use `width='content'`.
2026-02-26 09:46:15.317 Please replace `use_container_width` with `width`.

`use_container_width` will be removed after 2025-12-31.

For `use_container_width=True`, use `width='stretch'`. For `use_container_width=False`, use `width='content'`.
2026-02-26 09:46:16.265 Please replace `use_container_width` with `width`.

`use_container_width` will be removed after 2025-12-31.

For `use_container_width=True`, use `width='stretch'`. For `use_container_width=False`, use `width='content'`.
2026-02-26 09:46:16.272 Please replace `use_container_width` with `width`.

`use_container_width` will be removed after 2025-12-31.

For `use_container_width=True`, use `width='stretch'`. For `use_container_width=False`, use `width='content'`.
2026-02-26 09:46:16.292 Please replace `use_container_width` with `width`.

`use_container_width` will be removed after 2025-12-31.

For `use_container_width=True`, use `width='stretch'`. For `use_container_width=False`, use `width='content'`.
2026-02-26 09:46:16.300 Please replace `use_container_width` with `width`.

`use_container_width` will be removed after 2025-12-31.

For `use_container_width=True`, use `width='stretch'`. For `use_container_width=False`, use `width='content'`.
2026-02-26 09:46:16.308 Please replace `use_container_width` with `width`.

`use_container_width` will be removed after 2025-12-31.

For `use_container_width=True`, use `width='stretch'`. For `use_container_width=False`, use `width='content'`.
2026-02-26 09:46:16.309 Please replace `use_container_width` with `width`.

`use_container_width` will be removed after 2025-12-31.

For `use_container_width=True`, use `width='stretch'`. For `use_container_width=False`, use `width='content'`.
2026-02-26 09:46:16.317 Please replace `use_container_width` with `width`.

`use_container_width` will be removed after 2025-12-31.

For `use_container_width=True`, use `width='stretch'`. For `use_container_width=False`, use `width='content'`.
2026-02-26 09:46:16.325 Please replace `use_container_width` with `width`.

`use_container_width` will be removed after 2025-12-31.

For `use_container_width=True`, use `width='stretch'`. For `use_container_width=False`, use `width='content'`.
2026-02-26 09:46:16.333 Please replace `use_container_width` with `width`.

`use_container_width` will be removed after 2025-12-31.

For `use_container_width=True`, use `width='stretch'`. For `use_container_width=False`, use `width='content'`.
2026-02-26 09:46:16.350 Please replace `use_container_width` with `width`.

`use_container_width` will be removed after 2025-12-31.

For `use_container_width=True`, use `width='stretch'`. For `use_container_width=False`, use `width='content'`.
2026-02-26 09:46:37.251 Please replace `use_container_width` with `width`.

`use_container_width` will be removed after 2025-12-31.

For `use_container_width=True`, use `width='stretch'`. For `use_container_width=False`, use `width='content'`.
2026-02-26 09:46:37.259 Please replace `use_container_width` with `width`.

`use_container_width` will be removed after 2025-12-31.

For `use_container_width=True`, use `width='stretch'`. For `use_container_width=False`, use `width='content'`.
2026-02-26 09:46:37.270 Please replace `use_container_width` with `width`.

`use_container_width` will be removed after 2025-12-31.

For `use_container_width=True`, use `width='stretch'`. For `use_container_width=False`, use `width='content'`.
2026-02-26 09:46:37.278 Please replace `use_container_width` with `width`.

`use_container_width` will be removed after 2025-12-31.

For `use_container_width=True`, use `width='stretch'`. For `use_container_width=False`, use `width='content'`.
2026-02-26 09:46:37.285 Please replace `use_container_width` with `width`.

`use_container_width` will be removed after 2025-12-31.

For `use_container_width=True`, use `width='stretch'`. For `use_container_width=False`, use `width='content'`.
2026-02-26 09:46:37.286 Please replace `use_container_width` with `width`.

`use_container_width` will be removed after 2025-12-31.

For `use_container_width=True`, use `width='stretch'`. For `use_container_width=False`, use `width='content'`.
2026-02-26 09:46:37.294 Please replace `use_container_width` with `width`.

`use_container_width` will be removed after 2025-12-31.

For `use_container_width=True`, use `width='stretch'`. For `use_container_width=False`, use `width='content'`.
2026-02-26 09:46:37.303 Please replace `use_container_width` with `width`.

`use_container_width` will be removed after 2025-12-31.

For `use_container_width=True`, use `width='stretch'`. For `use_container_width=False`, use `width='content'`.
2026-02-26 09:46:37.309 Please replace `use_container_width` with `width`.

`use_container_width` will be removed after 2025-12-31.

For `use_container_width=True`, use `width='stretch'`. For `use_container_width=False`, use `width='content'`.
2026-02-26 09:46:37.325 Please replace `use_container_width` with `width`.

`use_container_width` will be removed after 2025-12-31.

For `use_container_width=True`, use `width='stretch'`. For `use_container_width=False`, use `width='content'`.
2026-02-26 09:46:40.587 Please replace `use_container_width` with `width`.

`use_container_width` will be removed after 2025-12-31.

For `use_container_width=True`, use `width='stretch'`. For `use_container_width=False`, use `width='content'`.
2026-02-26 09:46:40.595 Please replace `use_container_width` with `width`.

`use_container_width` will be removed after 2025-12-31.

For `use_container_width=True`, use `width='stretch'`. For `use_container_width=False`, use `width='content'`.
2026-02-26 09:46:40.627 Please replace `use_container_width` with `width`.

`use_container_width` will be removed after 2025-12-31.

For `use_container_width=True`, use `width='stretch'`. For `use_container_width=False`, use `width='content'`.
2026-02-26 09:46:40.634 Please replace `use_container_width` with `width`.

`use_container_width` will be removed after 2025-12-31.

For `use_container_width=True`, use `width='stretch'`. For `use_container_width=False`, use `width='content'`.
2026-02-26 09:46:40.642 Please replace `use_container_width` with `width`.

`use_container_width` will be removed after 2025-12-31.

For `use_container_width=True`, use `width='stretch'`. For `use_container_width=False`, use `width='content'`.
2026-02-26 09:46:40.644 Please replace `use_container_width` with `width`.

`use_container_width` will be removed after 2025-12-31.

For `use_container_width=True`, use `width='stretch'`. For `use_container_width=False`, use `width='content'`.
2026-02-26 09:46:40.652 Please replace `use_container_width` with `width`.

`use_container_width` will be removed after 2025-12-31.

For `use_container_width=True`, use `width='stretch'`. For `use_container_width=False`, use `width='content'`.
2026-02-26 09:46:40.659 Please replace `use_container_width` with `width`.

`use_container_width` will be removed after 2025-12-31.

For `use_container_width=True`, use `width='stretch'`. For `use_container_width=False`, use `width='content'`.
2026-02-26 09:46:40.667 Please replace `use_container_width` with `width`.

`use_container_width` will be removed after 2025-12-31.

For `use_container_width=True`, use `width='stretch'`. For `use_container_width=False`, use `width='content'`.
2026-02-26 09:46:40.685 Please replace `use_container_width` with `width`.

`use_container_width` will be removed after 2025-12-31.

For `use_container_width=True`, use `width='stretch'`. For `use_container_width=False`, use `width='content'`.
2026-02-26 09:46:46.544 Please replace `use_container_width` with `width`.

`use_container_width` will be removed after 2025-12-31.

For `use_container_width=True`, use `width='stretch'`. For `use_container_width=False`, use `width='content'`.
2026-02-26 09:46:46.552 Please replace `use_container_width` with `width`.

`use_container_width` will be removed after 2025-12-31.

For `use_container_width=True`, use `width='stretch'`. For `use_container_width=False`, use `width='content'`.
2026-02-26 09:46:46.584 Please replace `use_container_width` with `width`.

`use_container_width` will be removed after 2025-12-31.

For `use_container_width=True`, use `width='stretch'`. For `use_container_width=False`, use `width='content'`.
2026-02-26 09:46:46.591 Please replace `use_container_width` with `width`.

`use_container_width` will be removed after 2025-12-31.

For `use_container_width=True`, use `width='stretch'`. For `use_container_width=False`, use `width='content'`.
2026-02-26 09:46:46.599 Please replace `use_container_width` with `width`.

`use_container_width` will be removed after 2025-12-31.

For `use_container_width=True`, use `width='stretch'`. For `use_container_width=False`, use `width='content'`.
2026-02-26 09:46:46.600 Please replace `use_container_width` with `width`.

`use_container_width` will be removed after 2025-12-31.

For `use_container_width=True`, use `width='stretch'`. For `use_container_width=False`, use `width='content'`.
2026-02-26 09:46:46.608 Please replace `use_container_width` with `width`.

`use_container_width` will be removed after 2025-12-31.

For `use_container_width=True`, use `width='stretch'`. For `use_container_width=False`, use `width='content'`.
2026-02-26 09:46:46.617 Please replace `use_container_width` with `width`.

`use_container_width` will be removed after 2025-12-31.

For `use_container_width=True`, use `width='stretch'`. For `use_container_width=False`, use `width='content'`.
2026-02-26 09:46:46.624 Please replace `use_container_width` with `width`.

`use_container_width` will be removed after 2025-12-31.

For `use_container_width=True`, use `width='stretch'`. For `use_container_width=False`, use `width='content'`.
2026-02-26 09:46:46.640 Please replace `use_container_width` with `width`.

`use_container_width` will be removed after 2025-12-31.

For `use_container_width=True`, use `width='stretch'`. For `use_container_width=False`, use `width='content'`.
2026-02-26 09:46:57.113 Please replace `use_container_width` with `width`.

`use_container_width` will be removed after 2025-12-31.

For `use_container_width=True`, use `width='stretch'`. For `use_container_width=False`, use `width='content'`.
2026-02-26 09:46:57.122 Please replace `use_container_width` with `width`.

`use_container_width` will be removed after 2025-12-31.

For `use_container_width=True`, use `width='stretch'`. For `use_container_width=False`, use `width='content'`.
2026-02-26 09:46:57.161 Please replace `use_container_width` with `width`.

`use_container_width` will be removed after 2025-12-31.

For `use_container_width=True`, use `width='stretch'`. For `use_container_width=False`, use `width='content'`.
2026-02-26 09:46:57.170 Please replace `use_container_width` with `width`.

`use_container_width` will be removed after 2025-12-31.

For `use_container_width=True`, use `width='stretch'`. For `use_container_width=False`, use `width='content'`.
2026-02-26 09:46:57.177 Please replace `use_container_width` with `width`.

`use_container_width` will be removed after 2025-12-31.

For `use_container_width=True`, use `width='stretch'`. For `use_container_width=False`, use `width='content'`.
2026-02-26 09:46:57.178 Please replace `use_container_width` with `width`.

`use_container_width` will be removed after 2025-12-31.

For `use_container_width=True`, use `width='stretch'`. For `use_container_width=False`, use `width='content'`.
2026-02-26 09:46:57.194 Please replace `use_container_width` with `width`.

`use_container_width` will be removed after 2025-12-31.

For `use_container_width=True`, use `width='stretch'`. For `use_container_width=False`, use `width='content'`.
2026-02-26 09:46:57.209 Please replace `use_container_width` with `width`.

`use_container_width` will be removed after 2025-12-31.

For `use_container_width=True`, use `width='stretch'`. For `use_container_width=False`, use `width='content'`.
2026-02-26 09:46:57.217 Please replace `use_container_width` with `width`.

`use_container_width` will be removed after 2025-12-31.

For `use_container_width=True`, use `width='stretch'`. For `use_container_width=False`, use `width='content'`.
2026-02-26 09:46:57.232 Please replace `use_container_width` with `width`.

`use_container_width` will be removed after 2025-12-31.

For `use_container_width=True`, use `width='stretch'`. For `use_container_width=False`, use `width='content'`.
2026-02-26 09:47:01.668 Please replace `use_container_width` with `width`.

`use_container_width` will be removed after 2025-12-31.

For `use_container_width=True`, use `width='stretch'`. For `use_container_width=False`, use `width='content'`.
2026-02-26 09:47:01.676 Please replace `use_container_width` with `width`.

`use_container_width` will be removed after 2025-12-31.

For `use_container_width=True`, use `width='stretch'`. For `use_container_width=False`, use `width='content'`.
2026-02-26 09:47:01.708 Please replace `use_container_width` with `width`.

`use_container_width` will be removed after 2025-12-31.

For `use_container_width=True`, use `width='stretch'`. For `use_container_width=False`, use `width='content'`.
2026-02-26 09:47:01.715 Please replace `use_container_width` with `width`.

`use_container_width` will be removed after 2025-12-31.

For `use_container_width=True`, use `width='stretch'`. For `use_container_width=False`, use `width='content'`.
2026-02-26 09:47:01.723 Please replace `use_container_width` with `width`.

`use_container_width` will be removed after 2025-12-31.

For `use_container_width=True`, use `width='stretch'`. For `use_container_width=False`, use `width='content'`.
2026-02-26 09:47:01.724 Please replace `use_container_width` with `width`.

`use_container_width` will be removed after 2025-12-31.

For `use_container_width=True`, use `width='stretch'`. For `use_container_width=False`, use `width='content'`.
2026-02-26 09:47:01.733 Please replace `use_container_width` with `width`.

`use_container_width` will be removed after 2025-12-31.

For `use_container_width=True`, use `width='stretch'`. For `use_container_width=False`, use `width='content'`.
2026-02-26 09:47:01.741 Please replace `use_container_width` with `width`.

`use_container_width` will be removed after 2025-12-31.

For `use_container_width=True`, use `width='stretch'`. For `use_container_width=False`, use `width='content'`.
2026-02-26 09:47:01.750 Please replace `use_container_width` with `width`.

`use_container_width` will be removed after 2025-12-31.

For `use_container_width=True`, use `width='stretch'`. For `use_container_width=False`, use `width='content'`.
2026-02-26 09:47:01.766 Please replace `use_container_width` with `width`.

`use_container_width` will be removed after 2025-12-31.

For `use_container_width=True`, use `width='stretch'`. For `use_container_width=False`, use `width='content'`.
2026-02-26 09:47:12.223 Please replace `use_container_width` with `width`.

`use_container_width` will be removed after 2025-12-31.

For `use_container_width=True`, use `width='stretch'`. For `use_container_width=False`, use `width='content'`.
2026-02-26 09:47:12.230 Please replace `use_container_width` with `width`.

`use_container_width` will be removed after 2025-12-31.

For `use_container_width=True`, use `width='stretch'`. For `use_container_width=False`, use `width='content'`.
2026-02-26 09:47:12.265 Please replace `use_container_width` with `width`.

`use_container_width` will be removed after 2025-12-31.

For `use_container_width=True`, use `width='stretch'`. For `use_container_width=False`, use `width='content'`.
2026-02-26 09:47:12.273 Please replace `use_container_width` with `width`.

`use_container_width` will be removed after 2025-12-31.

For `use_container_width=True`, use `width='stretch'`. For `use_container_width=False`, use `width='content'`.
2026-02-26 09:47:12.284 Please replace `use_container_width` with `width`.

`use_container_width` will be removed after 2025-12-31.

For `use_container_width=True`, use `width='stretch'`. For `use_container_width=False`, use `width='content'`.
2026-02-26 09:47:12.285 Please replace `use_container_width` with `width`.

`use_container_width` will be removed after 2025-12-31.

For `use_container_width=True`, use `width='stretch'`. For `use_container_width=False`, use `width='content'`.
2026-02-26 09:47:12.295 Please replace `use_container_width` with `width`.

`use_container_width` will be removed after 2025-12-31.

For `use_container_width=True`, use `width='stretch'`. For `use_container_width=False`, use `width='content'`.
2026-02-26 09:47:12.303 Please replace `use_container_width` with `width`.

`use_container_width` will be removed after 2025-12-31.

For `use_container_width=True`, use `width='stretch'`. For `use_container_width=False`, use `width='content'`.
2026-02-26 09:47:12.311 Please replace `use_container_width` with `width`.

`use_container_width` will be removed after 2025-12-31.

For `use_container_width=True`, use `width='stretch'`. For `use_container_width=False`, use `width='content'`.
2026-02-26 09:47:12.328 Please replace `use_container_width` with `width`.

`use_container_width` will be removed after 2025-12-31.

For `use_container_width=True`, use `width='stretch'`. For `use_container_width=False`, use `width='content'`.
2026-02-26 09:47:19.372 Please replace `use_container_width` with `width`.

`use_container_width` will be removed after 2025-12-31.

For `use_container_width=True`, use `width='stretch'`. For `use_container_width=False`, use `width='content'`.
2026-02-26 09:47:19.380 Please replace `use_container_width` with `width`.

`use_container_width` will be removed after 2025-12-31.

For `use_container_width=True`, use `width='stretch'`. For `use_container_width=False`, use `width='content'`.
2026-02-26 09:47:19.410 Please replace `use_container_width` with `width`.

`use_container_width` will be removed after 2025-12-31.

For `use_container_width=True`, use `width='stretch'`. For `use_container_width=False`, use `width='content'`.
2026-02-26 09:47:19.419 Please replace `use_container_width` with `width`.

`use_container_width` will be removed after 2025-12-31.

For `use_container_width=True`, use `width='stretch'`. For `use_container_width=False`, use `width='content'`.
2026-02-26 09:47:19.427 Please replace `use_container_width` with `width`.

`use_container_width` will be removed after 2025-12-31.

For `use_container_width=True`, use `width='stretch'`. For `use_container_width=False`, use `width='content'`.
2026-02-26 09:47:19.429 Please replace `use_container_width` with `width`.

`use_container_width` will be removed after 2025-12-31.

For `use_container_width=True`, use `width='stretch'`. For `use_container_width=False`, use `width='content'`.
2026-02-26 09:47:19.437 Please replace `use_container_width` with `width`.

`use_container_width` will be removed after 2025-12-31.

For `use_container_width=True`, use `width='stretch'`. For `use_container_width=False`, use `width='content'`.
2026-02-26 09:47:19.453 Please replace `use_container_width` with `width`.

`use_container_width` will be removed after 2025-12-31.

For `use_container_width=True`, use `width='stretch'`. For `use_container_width=False`, use `width='content'`.
2026-02-26 09:47:19.461 Please replace `use_container_width` with `width`.

`use_container_width` will be removed after 2025-12-31.

For `use_container_width=True`, use `width='stretch'`. For `use_container_width=False`, use `width='content'`.
2026-02-26 09:47:19.477 Please replace `use_container_width` with `width`.

`use_container_width` will be removed after 2025-12-31.

For `use_container_width=True`, use `width='stretch'`. For `use_container_width=False`, use `width='content'`.
2026-02-26 09:51:48.310 Uncaught app execution
Traceback (most recent call last):
  File "/Users/shinsukeimanaka/.gemini/antigravity/applicaiton_develop/Dinamic_Priceing/backend/venv/lib/python3.14/site-packages/streamlit/runtime/scriptrunner/exec_code.py", line 129, in exec_func_with_error_handling
    result = func()
  File "/Users/shinsukeimanaka/.gemini/antigravity/applicaiton_develop/Dinamic_Priceing/backend/venv/lib/python3.14/site-packages/streamlit/runtime/scriptrunner/script_runner.py", line 689, in code_to_exec
    exec(code, module.__dict__)  # noqa: S102
    ~~~~^^^^^^^^^^^^^^^^^^^^^^^
  File "/Users/shinsukeimanaka/.gemini/antigravity/applicaiton_develop/Dinamic_Priceing/backend/dashboard/app.py", line 238, in <module>
    if selected_tab == "📈 Executive Summary":
       ^^^^^^^^^^^^
NameError: name 'selected_tab' is not defined. Did you mean: 'selected_dates'?
2026-02-26 09:53:49.748 Please replace `use_container_width` with `width`.

`use_container_width` will be removed after 2025-12-31.

For `use_container_width=True`, use `width='stretch'`. For `use_container_width=False`, use `width='content'`.
2026-02-26 09:53:49.762 Please replace `use_container_width` with `width`.

`use_container_width` will be removed after 2025-12-31.

For `use_container_width=True`, use `width='stretch'`. For `use_container_width=False`, use `width='content'`.
2026-02-26 09:53:57.973 Please replace `use_container_width` with `width`.

`use_container_width` will be removed after 2025-12-31.

For `use_container_width=True`, use `width='stretch'`. For `use_container_width=False`, use `width='content'`.
2026-02-26 09:54:23.182 Please replace `use_container_width` with `width`.

`use_container_width` will be removed after 2025-12-31.

For `use_container_width=True`, use `width='stretch'`. For `use_container_width=False`, use `width='content'`.
2026-02-26 09:55:47.408 Please replace `use_container_width` with `width`.

`use_container_width` will be removed after 2025-12-31.

For `use_container_width=True`, use `width='stretch'`. For `use_container_width=False`, use `width='content'`.
2026-02-26 09:55:47.416 Please replace `use_container_width` with `width`.

`use_container_width` will be removed after 2025-12-31.

For `use_container_width=True`, use `width='stretch'`. For `use_container_width=False`, use `width='content'`.
2026-02-26 09:55:53.342 Please replace `use_container_width` with `width`.

`use_container_width` will be removed after 2025-12-31.

For `use_container_width=True`, use `width='stretch'`. For `use_container_width=False`, use `width='content'`.
2026-02-26 09:55:53.349 Please replace `use_container_width` with `width`.

`use_container_width` will be removed after 2025-12-31.

For `use_container_width=True`, use `width='stretch'`. For `use_container_width=False`, use `width='content'`.
2026-02-26 09:55:53.358 Please replace `use_container_width` with `width`.

`use_container_width` will be removed after 2025-12-31.

For `use_container_width=True`, use `width='stretch'`. For `use_container_width=False`, use `width='content'`.
2026-02-26 09:55:53.359 Please replace `use_container_width` with `width`.

`use_container_width` will be removed after 2025-12-31.

For `use_container_width=True`, use `width='stretch'`. For `use_container_width=False`, use `width='content'`.
2026-02-26 09:55:57.724 Please replace `use_container_width` with `width`.

`use_container_width` will be removed after 2025-12-31.

For `use_container_width=True`, use `width='stretch'`. For `use_container_width=False`, use `width='content'`.
2026-02-26 09:58:04.380 Please replace `use_container_width` with `width`.

`use_container_width` will be removed after 2025-12-31.

For `use_container_width=True`, use `width='stretch'`. For `use_container_width=False`, use `width='content'`.
2026-02-26 09:58:04.395 Please replace `use_container_width` with `width`.

`use_container_width` will be removed after 2025-12-31.

For `use_container_width=True`, use `width='stretch'`. For `use_container_width=False`, use `width='content'`.
2026-02-26 09:58:17.490 Please replace `use_container_width` with `width`.

`use_container_width` will be removed after 2025-12-31.

For `use_container_width=True`, use `width='stretch'`. For `use_container_width=False`, use `width='content'`.
2026-02-26 09:58:17.497 Please replace `use_container_width` with `width`.

`use_container_width` will be removed after 2025-12-31.

For `use_container_width=True`, use `width='stretch'`. For `use_container_width=False`, use `width='content'`.
2026-02-26 09:58:17.510 Please replace `use_container_width` with `width`.

`use_container_width` will be removed after 2025-12-31.

For `use_container_width=True`, use `width='stretch'`. For `use_container_width=False`, use `width='content'`.
2026-02-26 10:02:09.316 Please replace `use_container_width` with `width`.

`use_container_width` will be removed after 2025-12-31.

For `use_container_width=True`, use `width='stretch'`. For `use_container_width=False`, use `width='content'`.
2026-02-26 10:02:09.325 Please replace `use_container_width` with `width`.

`use_container_width` will be removed after 2025-12-31.

For `use_container_width=True`, use `width='stretch'`. For `use_container_width=False`, use `width='content'`.
2026-02-26 10:02:09.334 Please replace `use_container_width` with `width`.

`use_container_width` will be removed after 2025-12-31.

For `use_container_width=True`, use `width='stretch'`. For `use_container_width=False`, use `width='content'`.
2026-02-26 10:02:09.339 Please replace `use_container_width` with `width`.

`use_container_width` will be removed after 2025-12-31.

For `use_container_width=True`, use `width='stretch'`. For `use_container_width=False`, use `width='content'`.
2026-02-26 10:02:11.281 Please replace `use_container_width` with `width`.

`use_container_width` will be removed after 2025-12-31.

For `use_container_width=True`, use `width='stretch'`. For `use_container_width=False`, use `width='content'`.
2026-02-26 10:02:11.289 Please replace `use_container_width` with `width`.

`use_container_width` will be removed after 2025-12-31.

For `use_container_width=True`, use `width='stretch'`. For `use_container_width=False`, use `width='content'`.
2026-02-26 10:02:11.296 Please replace `use_container_width` with `width`.

`use_container_width` will be removed after 2025-12-31.

For `use_container_width=True`, use `width='stretch'`. For `use_container_width=False`, use `width='content'`.
2026-02-26 10:02:12.923 Please replace `use_container_width` with `width`.

`use_container_width` will be removed after 2025-12-31.

For `use_container_width=True`, use `width='stretch'`. For `use_container_width=False`, use `width='content'`.
2026-02-26 10:02:36.386 Please replace `use_container_width` with `width`.

`use_container_width` will be removed after 2025-12-31.

For `use_container_width=True`, use `width='stretch'`. For `use_container_width=False`, use `width='content'`.
2026-02-26 10:02:43.686 Please replace `use_container_width` with `width`.

`use_container_width` will be removed after 2025-12-31.

For `use_container_width=True`, use `width='stretch'`. For `use_container_width=False`, use `width='content'`.
2026-02-26 10:02:48.304 Please replace `use_container_width` with `width`.

`use_container_width` will be removed after 2025-12-31.

For `use_container_width=True`, use `width='stretch'`. For `use_container_width=False`, use `width='content'`.
2026-02-26 10:02:53.437 Please replace `use_container_width` with `width`.

`use_container_width` will be removed after 2025-12-31.

For `use_container_width=True`, use `width='stretch'`. For `use_container_width=False`, use `width='content'`.
2026-02-26 10:05:11.310 Please replace `use_container_width` with `width`.

`use_container_width` will be removed after 2025-12-31.

For `use_container_width=True`, use `width='stretch'`. For `use_container_width=False`, use `width='content'`.
2026-02-26 10:05:11.326 Please replace `use_container_width` with `width`.

`use_container_width` will be removed after 2025-12-31.

For `use_container_width=True`, use `width='stretch'`. For `use_container_width=False`, use `width='content'`.
2026-02-26 10:06:20.278 Please replace `use_container_width` with `width`.

`use_container_width` will be removed after 2025-12-31.

For `use_container_width=True`, use `width='stretch'`. For `use_container_width=False`, use `width='content'`.
2026-02-26 10:06:20.290 Please replace `use_container_width` with `width`.

`use_container_width` will be removed after 2025-12-31.

For `use_container_width=True`, use `width='stretch'`. For `use_container_width=False`, use `width='content'`.
2026-02-26 10:06:20.298 Please replace `use_container_width` with `width`.

`use_container_width` will be removed after 2025-12-31.

For `use_container_width=True`, use `width='stretch'`. For `use_container_width=False`, use `width='content'`.
2026-02-26 10:06:28.219 Please replace `use_container_width` with `width`.

`use_container_width` will be removed after 2025-12-31.

For `use_container_width=True`, use `width='stretch'`. For `use_container_width=False`, use `width='content'`.
2026-02-26 10:06:28.229 Please replace `use_container_width` with `width`.

`use_container_width` will be removed after 2025-12-31.

For `use_container_width=True`, use `width='stretch'`. For `use_container_width=False`, use `width='content'`.
2026-02-26 10:06:28.240 Please replace `use_container_width` with `width`.

`use_container_width` will be removed after 2025-12-31.

For `use_container_width=True`, use `width='stretch'`. For `use_container_width=False`, use `width='content'`.
2026-02-26 10:06:28.242 Please replace `use_container_width` with `width`.

`use_container_width` will be removed after 2025-12-31.

For `use_container_width=True`, use `width='stretch'`. For `use_container_width=False`, use `width='content'`.
2026-02-26 10:10:06.914 Please replace `use_container_width` with `width`.

`use_container_width` will be removed after 2025-12-31.

For `use_container_width=True`, use `width='stretch'`. For `use_container_width=False`, use `width='content'`.
2026-02-26 10:10:06.925 Please replace `use_container_width` with `width`.

`use_container_width` will be removed after 2025-12-31.

For `use_container_width=True`, use `width='stretch'`. For `use_container_width=False`, use `width='content'`.
2026-02-26 10:10:12.077 Please replace `use_container_width` with `width`.

`use_container_width` will be removed after 2025-12-31.

For `use_container_width=True`, use `width='stretch'`. For `use_container_width=False`, use `width='content'`.
2026-02-26 10:10:12.088 Please replace `use_container_width` with `width`.

`use_container_width` will be removed after 2025-12-31.

For `use_container_width=True`, use `width='stretch'`. For `use_container_width=False`, use `width='content'`.
2026-02-26 10:10:12.097 Please replace `use_container_width` with `width`.

`use_container_width` will be removed after 2025-12-31.

For `use_container_width=True`, use `width='stretch'`. For `use_container_width=False`, use `width='content'`.
2026-02-26 10:10:12.099 Please replace `use_container_width` with `width`.

`use_container_width` will be removed after 2025-12-31.

For `use_container_width=True`, use `width='stretch'`. For `use_container_width=False`, use `width='content'`.
2026-02-26 10:10:14.840 Please replace `use_container_width` with `width`.

`use_container_width` will be removed after 2025-12-31.

For `use_container_width=True`, use `width='stretch'`. For `use_container_width=False`, use `width='content'`.
2026-02-26 10:10:14.849 Please replace `use_container_width` with `width`.

`use_container_width` will be removed after 2025-12-31.

For `use_container_width=True`, use `width='stretch'`. For `use_container_width=False`, use `width='content'`.
2026-02-26 10:10:14.858 Please replace `use_container_width` with `width`.

`use_container_width` will be removed after 2025-12-31.

For `use_container_width=True`, use `width='stretch'`. For `use_container_width=False`, use `width='content'`.
2026-02-26 10:10:19.517 Please replace `use_container_width` with `width`.

`use_container_width` will be removed after 2025-12-31.

For `use_container_width=True`, use `width='stretch'`. For `use_container_width=False`, use `width='content'`.
2026-02-26 10:15:33.292 Please replace `use_container_width` with `width`.

`use_container_width` will be removed after 2025-12-31.

For `use_container_width=True`, use `width='stretch'`. For `use_container_width=False`, use `width='content'`.
2026-02-26 10:15:33.301 Please replace `use_container_width` with `width`.

`use_container_width` will be removed after 2025-12-31.

For `use_container_width=True`, use `width='stretch'`. For `use_container_width=False`, use `width='content'`.
2026-02-26 10:15:49.823 Please replace `use_container_width` with `width`.

`use_container_width` will be removed after 2025-12-31.

For `use_container_width=True`, use `width='stretch'`. For `use_container_width=False`, use `width='content'`.
2026-02-26 10:15:49.833 Please replace `use_container_width` with `width`.

`use_container_width` will be removed after 2025-12-31.

For `use_container_width=True`, use `width='stretch'`. For `use_container_width=False`, use `width='content'`.
2026-02-26 10:15:49.844 Please replace `use_container_width` with `width`.

`use_container_width` will be removed after 2025-12-31.

For `use_container_width=True`, use `width='stretch'`. For `use_container_width=False`, use `width='content'`.
2026-02-26 10:15:49.847 Please replace `use_container_width` with `width`.

`use_container_width` will be removed after 2025-12-31.

For `use_container_width=True`, use `width='stretch'`. For `use_container_width=False`, use `width='content'`.
2026-02-26 10:15:58.121 Please replace `use_container_width` with `width`.

`use_container_width` will be removed after 2025-12-31.

For `use_container_width=True`, use `width='stretch'`. For `use_container_width=False`, use `width='content'`.
2026-02-26 10:15:58.132 Please replace `use_container_width` with `width`.

`use_container_width` will be removed after 2025-12-31.

For `use_container_width=True`, use `width='stretch'`. For `use_container_width=False`, use `width='content'`.
2026-02-26 10:15:58.142 Please replace `use_container_width` with `width`.

`use_container_width` will be removed after 2025-12-31.

For `use_container_width=True`, use `width='stretch'`. For `use_container_width=False`, use `width='content'`.
2026-02-26 10:16:07.191 Please replace `use_container_width` with `width`.

`use_container_width` will be removed after 2025-12-31.

For `use_container_width=True`, use `width='stretch'`. For `use_container_width=False`, use `width='content'`.
2026-02-26 10:16:16.731 Please replace `use_container_width` with `width`.

`use_container_width` will be removed after 2025-12-31.

For `use_container_width=True`, use `width='stretch'`. For `use_container_width=False`, use `width='content'`.
2026-02-26 10:16:16.741 Please replace `use_container_width` with `width`.

`use_container_width` will be removed after 2025-12-31.

For `use_container_width=True`, use `width='stretch'`. For `use_container_width=False`, use `width='content'`.
2026-02-26 10:16:28.651 Please replace `use_container_width` with `width`.

`use_container_width` will be removed after 2025-12-31.

For `use_container_width=True`, use `width='stretch'`. For `use_container_width=False`, use `width='content'`.
2026-02-26 10:17:23.683 304 GET / (::1) 2.79ms
2026-02-26 10:17:23.747 304 GET /_stcore/health (::1) 1.19ms
2026-02-26 10:17:23.748 304 GET /_stcore/host-config (::1) 1.50ms
2026-02-26 10:17:23.752 101 GET /_stcore/stream (::1) 1.33ms
2026-02-26 10:17:23.873 Please replace `use_container_width` with `width`.

`use_container_width` will be removed after 2025-12-31.

For `use_container_width=True`, use `width='stretch'`. For `use_container_width=False`, use `width='content'`.
2026-02-26 10:17:23.884 Please replace `use_container_width` with `width`.

`use_container_width` will be removed after 2025-12-31.

For `use_container_width=True`, use `width='stretch'`. For `use_container_width=False`, use `width='content'`.
2026-02-26 10:17:33.937 Please replace `use_container_width` with `width`.

`use_container_width` will be removed after 2025-12-31.

For `use_container_width=True`, use `width='stretch'`. For `use_container_width=False`, use `width='content'`.
2026-02-26 10:18:55.725 Please replace `use_container_width` with `width`.

`use_container_width` will be removed after 2025-12-31.

For `use_container_width=True`, use `width='stretch'`. For `use_container_width=False`, use `width='content'`.
2026-02-26 10:18:55.733 Please replace `use_container_width` with `width`.

`use_container_width` will be removed after 2025-12-31.

For `use_container_width=True`, use `width='stretch'`. For `use_container_width=False`, use `width='content'`.
2026-02-26 10:18:55.742 Please replace `use_container_width` with `width`.

`use_container_width` will be removed after 2025-12-31.

For `use_container_width=True`, use `width='stretch'`. For `use_container_width=False`, use `width='content'`.
2026-02-26 10:18:55.743 Please replace `use_container_width` with `width`.

`use_container_width` will be removed after 2025-12-31.

For `use_container_width=True`, use `width='stretch'`. For `use_container_width=False`, use `width='content'`.
2026-02-26 10:18:56.990 Please replace `use_container_width` with `width`.

`use_container_width` will be removed after 2025-12-31.

For `use_container_width=True`, use `width='stretch'`. For `use_container_width=False`, use `width='content'`.
2026-02-26 10:18:56.999 Please replace `use_container_width` with `width`.

`use_container_width` will be removed after 2025-12-31.

For `use_container_width=True`, use `width='stretch'`. For `use_container_width=False`, use `width='content'`.
2026-02-26 10:18:57.009 Please replace `use_container_width` with `width`.

`use_container_width` will be removed after 2025-12-31.

For `use_container_width=True`, use `width='stretch'`. For `use_container_width=False`, use `width='content'`.
2026-02-26 10:18:58.808 Please replace `use_container_width` with `width`.

`use_container_width` will be removed after 2025-12-31.

For `use_container_width=True`, use `width='stretch'`. For `use_container_width=False`, use `width='content'`.
2026-02-26 10:19:00.549 Please replace `use_container_width` with `width`.

`use_container_width` will be removed after 2025-12-31.

For `use_container_width=True`, use `width='stretch'`. For `use_container_width=False`, use `width='content'`.
2026-02-26 10:19:00.557 Please replace `use_container_width` with `width`.

`use_container_width` will be removed after 2025-12-31.

For `use_container_width=True`, use `width='stretch'`. For `use_container_width=False`, use `width='content'`.
2026-02-26 10:22:08.943 Please replace `use_container_width` with `width`.

`use_container_width` will be removed after 2025-12-31.

For `use_container_width=True`, use `width='stretch'`. For `use_container_width=False`, use `width='content'`.
2026-02-26 10:22:08.953 Please replace `use_container_width` with `width`.

`use_container_width` will be removed after 2025-12-31.

For `use_container_width=True`, use `width='stretch'`. For `use_container_width=False`, use `width='content'`.
2026-02-26 10:22:08.961 Please replace `use_container_width` with `width`.

`use_container_width` will be removed after 2025-12-31.

For `use_container_width=True`, use `width='stretch'`. For `use_container_width=False`, use `width='content'`.
2026-02-26 10:22:08.963 Please replace `use_container_width` with `width`.

`use_container_width` will be removed after 2025-12-31.

For `use_container_width=True`, use `width='stretch'`. For `use_container_width=False`, use `width='content'`.
2026-02-26 10:22:12.316 Please replace `use_container_width` with `width`.

`use_container_width` will be removed after 2025-12-31.

For `use_container_width=True`, use `width='stretch'`. For `use_container_width=False`, use `width='content'`.
2026-02-26 10:22:12.325 Please replace `use_container_width` with `width`.

`use_container_width` will be removed after 2025-12-31.

For `use_container_width=True`, use `width='stretch'`. For `use_container_width=False`, use `width='content'`.
2026-02-26 10:22:12.334 Please replace `use_container_width` with `width`.

`use_container_width` will be removed after 2025-12-31.

For `use_container_width=True`, use `width='stretch'`. For `use_container_width=False`, use `width='content'`.
2026-02-26 10:22:15.678 Please replace `use_container_width` with `width`.

`use_container_width` will be removed after 2025-12-31.

For `use_container_width=True`, use `width='stretch'`. For `use_container_width=False`, use `width='content'`.
2026-02-26 10:22:33.452 Please replace `use_container_width` with `width`.

`use_container_width` will be removed after 2025-12-31.

For `use_container_width=True`, use `width='stretch'`. For `use_container_width=False`, use `width='content'`.
2026-02-26 10:22:33.462 Please replace `use_container_width` with `width`.

`use_container_width` will be removed after 2025-12-31.

For `use_container_width=True`, use `width='stretch'`. For `use_container_width=False`, use `width='content'`.
2026-02-26 10:24:35.008 304 GET / (::1) 1.97ms
2026-02-26 10:24:35.099 304 GET /_stcore/health (::1) 1.87ms
2026-02-26 10:24:35.100 304 GET /_stcore/host-config (::1) 2.04ms
2026-02-26 10:24:35.103 101 GET /_stcore/stream (::1) 0.75ms
2026-02-26 10:24:35.253 Please replace `use_container_width` with `width`.

`use_container_width` will be removed after 2025-12-31.

For `use_container_width=True`, use `width='stretch'`. For `use_container_width=False`, use `width='content'`.
2026-02-26 10:24:35.262 Please replace `use_container_width` with `width`.

`use_container_width` will be removed after 2025-12-31.

For `use_container_width=True`, use `width='stretch'`. For `use_container_width=False`, use `width='content'`.
2026-02-26 10:25:03.197 Please replace `use_container_width` with `width`.

`use_container_width` will be removed after 2025-12-31.

For `use_container_width=True`, use `width='stretch'`. For `use_container_width=False`, use `width='content'`.
2026-02-26 10:25:03.208 Please replace `use_container_width` with `width`.

`use_container_width` will be removed after 2025-12-31.

For `use_container_width=True`, use `width='stretch'`. For `use_container_width=False`, use `width='content'`.
2026-02-26 10:25:03.219 Please replace `use_container_width` with `width`.

`use_container_width` will be removed after 2025-12-31.

For `use_container_width=True`, use `width='stretch'`. For `use_container_width=False`, use `width='content'`.
2026-02-26 10:25:15.871 Please replace `use_container_width` with `width`.

`use_container_width` will be removed after 2025-12-31.

For `use_container_width=True`, use `width='stretch'`. For `use_container_width=False`, use `width='content'`.
2026-02-26 10:25:45.545 304 GET / (::1) 0.61ms
2026-02-26 10:25:45.591 304 GET /_stcore/health (::1) 0.53ms
2026-02-26 10:25:45.592 304 GET /_stcore/host-config (::1) 0.47ms
2026-02-26 10:25:45.596 101 GET /_stcore/stream (::1) 0.84ms
2026-02-26 10:25:45.839 Please replace `use_container_width` with `width`.

`use_container_width` will be removed after 2025-12-31.

For `use_container_width=True`, use `width='stretch'`. For `use_container_width=False`, use `width='content'`.
2026-02-26 10:25:45.864 Please replace `use_container_width` with `width`.

`use_container_width` will be removed after 2025-12-31.

For `use_container_width=True`, use `width='stretch'`. For `use_container_width=False`, use `width='content'`.
2026-02-26 10:26:35.908 304 GET / (::1) 0.72ms
2026-02-26 10:26:35.968 304 GET /_stcore/health (::1) 1.25ms
2026-02-26 10:26:35.970 304 GET /_stcore/host-config (::1) 0.73ms
2026-02-26 10:26:35.972 101 GET /_stcore/stream (::1) 0.61ms
2026-02-26 10:26:36.111 Please replace `use_container_width` with `width`.

`use_container_width` will be removed after 2025-12-31.

For `use_container_width=True`, use `width='stretch'`. For `use_container_width=False`, use `width='content'`.
2026-02-26 10:26:36.122 Please replace `use_container_width` with `width`.

`use_container_width` will be removed after 2025-12-31.

For `use_container_width=True`, use `width='stretch'`. For `use_container_width=False`, use `width='content'`.
2026-02-26 10:27:53.927 304 GET / (::1) 1.73ms
2026-02-26 10:27:53.983 304 GET /_stcore/health (::1) 1.01ms
2026-02-26 10:27:53.983 304 GET /_stcore/host-config (::1) 0.95ms
2026-02-26 10:27:53.987 101 GET /_stcore/stream (::1) 1.49ms
2026-02-26 10:27:54.147 Please replace `use_container_width` with `width`.

`use_container_width` will be removed after 2025-12-31.

For `use_container_width=True`, use `width='stretch'`. For `use_container_width=False`, use `width='content'`.
2026-02-26 10:27:54.156 Please replace `use_container_width` with `width`.

`use_container_width` will be removed after 2025-12-31.

For `use_container_width=True`, use `width='stretch'`. For `use_container_width=False`, use `width='content'`.
2026-02-26 10:28:23.867 304 GET / (::1) 0.27ms
2026-02-26 10:28:23.899 304 GET /_stcore/health (::1) 1.42ms
2026-02-26 10:28:23.900 304 GET /_stcore/host-config (::1) 0.57ms
2026-02-26 10:28:23.903 101 GET /_stcore/stream (::1) 0.81ms
2026-02-26 10:28:24.030 Please replace `use_container_width` with `width`.

`use_container_width` will be removed after 2025-12-31.

For `use_container_width=True`, use `width='stretch'`. For `use_container_width=False`, use `width='content'`.
2026-02-26 10:28:24.040 Please replace `use_container_width` with `width`.

`use_container_width` will be removed after 2025-12-31.

For `use_container_width=True`, use `width='stretch'`. For `use_container_width=False`, use `width='content'`.
2026-02-26 16:01:58.179 Please replace `use_container_width` with `width`.

`use_container_width` will be removed after 2025-12-31.

For `use_container_width=True`, use `width='stretch'`. For `use_container_width=False`, use `width='content'`.
2026-02-26 16:01:58.190 Please replace `use_container_width` with `width`.

`use_container_width` will be removed after 2025-12-31.

For `use_container_width=True`, use `width='stretch'`. For `use_container_width=False`, use `width='content'`.
2026-02-26 16:02:07.082 Please replace `use_container_width` with `width`.

`use_container_width` will be removed after 2025-12-31.

For `use_container_width=True`, use `width='stretch'`. For `use_container_width=False`, use `width='content'`.
2026-02-26 16:04:19.446 Please replace `use_container_width` with `width`.

`use_container_width` will be removed after 2025-12-31.

For `use_container_width=True`, use `width='stretch'`. For `use_container_width=False`, use `width='content'`.
2026-02-26 16:08:55.671 Please replace `use_container_width` with `width`.

`use_container_width` will be removed after 2025-12-31.

For `use_container_width=True`, use `width='stretch'`. For `use_container_width=False`, use `width='content'`.
2026-02-26 16:08:55.682 Please replace `use_container_width` with `width`.

`use_container_width` will be removed after 2025-12-31.

For `use_container_width=True`, use `width='stretch'`. For `use_container_width=False`, use `width='content'`.
2026-02-26 16:08:55.694 Please replace `use_container_width` with `width`.

`use_container_width` will be removed after 2025-12-31.

For `use_container_width=True`, use `width='stretch'`. For `use_container_width=False`, use `width='content'`.
2026-02-26 16:08:55.697 Please replace `use_container_width` with `width`.

`use_container_width` will be removed after 2025-12-31.

For `use_container_width=True`, use `width='stretch'`. For `use_container_width=False`, use `width='content'`.
2026-02-26 16:08:56.689 Please replace `use_container_width` with `width`.

`use_container_width` will be removed after 2025-12-31.

For `use_container_width=True`, use `width='stretch'`. For `use_container_width=False`, use `width='content'`.
2026-02-26 16:08:56.698 Please replace `use_container_width` with `width`.

`use_container_width` will be removed after 2025-12-31.

For `use_container_width=True`, use `width='stretch'`. For `use_container_width=False`, use `width='content'`.
2026-02-26 16:08:56.708 Please replace `use_container_width` with `width`.

`use_container_width` will be removed after 2025-12-31.

For `use_container_width=True`, use `width='stretch'`. For `use_container_width=False`, use `width='content'`.
2026-02-26 16:08:58.166 Please replace `use_container_width` with `width`.

`use_container_width` will be removed after 2025-12-31.

For `use_container_width=True`, use `width='stretch'`. For `use_container_width=False`, use `width='content'`.
2026-02-26 16:08:58.189 Please replace `use_container_width` with `width`.

`use_container_width` will be removed after 2025-12-31.

For `use_container_width=True`, use `width='stretch'`. For `use_container_width=False`, use `width='content'`.
2026-02-26 16:08:58.199 Please replace `use_container_width` with `width`.

`use_container_width` will be removed after 2025-12-31.

For `use_container_width=True`, use `width='stretch'`. For `use_container_width=False`, use `width='content'`.
2026-02-26 16:08:58.201 Please replace `use_container_width` with `width`.

`use_container_width` will be removed after 2025-12-31.

For `use_container_width=True`, use `width='stretch'`. For `use_container_width=False`, use `width='content'`.
2026-02-26 16:09:52.506 Please replace `use_container_width` with `width`.

`use_container_width` will be removed after 2025-12-31.

For `use_container_width=True`, use `width='stretch'`. For `use_container_width=False`, use `width='content'`.
2026-02-26 16:09:52.530 Please replace `use_container_width` with `width`.

`use_container_width` will be removed after 2025-12-31.

For `use_container_width=True`, use `width='stretch'`. For `use_container_width=False`, use `width='content'`.
2026-02-26 16:09:52.540 Please replace `use_container_width` with `width`.

`use_container_width` will be removed after 2025-12-31.

For `use_container_width=True`, use `width='stretch'`. For `use_container_width=False`, use `width='content'`.
2026-02-26 16:09:52.542 Please replace `use_container_width` with `width`.

`use_container_width` will be removed after 2025-12-31.

For `use_container_width=True`, use `width='stretch'`. For `use_container_width=False`, use `width='content'`.
2026-02-26 16:16:27.742 Please replace `use_container_width` with `width`.

`use_container_width` will be removed after 2025-12-31.

For `use_container_width=True`, use `width='stretch'`. For `use_container_width=False`, use `width='content'`.
2026-02-26 16:16:35.524 Please replace `use_container_width` with `width`.

`use_container_width` will be removed after 2025-12-31.

For `use_container_width=True`, use `width='stretch'`. For `use_container_width=False`, use `width='content'`.
2026-02-26 16:16:37.614 Please replace `use_container_width` with `width`.

`use_container_width` will be removed after 2025-12-31.

For `use_container_width=True`, use `width='stretch'`. For `use_container_width=False`, use `width='content'`.
2026-02-26 16:16:40.147 Please replace `use_container_width` with `width`.

`use_container_width` will be removed after 2025-12-31.

For `use_container_width=True`, use `width='stretch'`. For `use_container_width=False`, use `width='content'`.
2026-02-26 16:16:42.861 Please replace `use_container_width` with `width`.

`use_container_width` will be removed after 2025-12-31.

For `use_container_width=True`, use `width='stretch'`. For `use_container_width=False`, use `width='content'`.
2026-02-26 16:17:06.861 Please replace `use_container_width` with `width`.

`use_container_width` will be removed after 2025-12-31.

For `use_container_width=True`, use `width='stretch'`. For `use_container_width=False`, use `width='content'`.
2026-02-26 16:17:20.822 Please replace `use_container_width` with `width`.

`use_container_width` will be removed after 2025-12-31.

For `use_container_width=True`, use `width='stretch'`. For `use_container_width=False`, use `width='content'`.
2026-02-26 20:40:52.884 304 GET / (::1) 1.82ms
2026-02-26 20:40:52.970 304 GET /_stcore/host-config (::1) 0.54ms
2026-02-26 20:40:52.970 304 GET /_stcore/health (::1) 0.48ms
2026-02-26 20:40:52.973 101 GET /_stcore/stream (::1) 1.42ms
2026-02-26 20:40:53.216 Please replace `use_container_width` with `width`.

`use_container_width` will be removed after 2025-12-31.

For `use_container_width=True`, use `width='stretch'`. For `use_container_width=False`, use `width='content'`.
2026-02-26 20:40:53.224 Please replace `use_container_width` with `width`.

`use_container_width` will be removed after 2025-12-31.

For `use_container_width=True`, use `width='stretch'`. For `use_container_width=False`, use `width='content'`.
2026-02-26 20:41:10.045 Please replace `use_container_width` with `width`.

`use_container_width` will be removed after 2025-12-31.

For `use_container_width=True`, use `width='stretch'`. For `use_container_width=False`, use `width='content'`.
2026-02-26 20:41:14.548 Please replace `use_container_width` with `width`.

`use_container_width` will be removed after 2025-12-31.

For `use_container_width=True`, use `width='stretch'`. For `use_container_width=False`, use `width='content'`.
2026-02-26 20:41:25.582 Please replace `use_container_width` with `width`.

`use_container_width` will be removed after 2025-12-31.

For `use_container_width=True`, use `width='stretch'`. For `use_container_width=False`, use `width='content'`.
2026-02-26 20:41:50.074 Please replace `use_container_width` with `width`.

`use_container_width` will be removed after 2025-12-31.

For `use_container_width=True`, use `width='stretch'`. For `use_container_width=False`, use `width='content'`.
2026-02-26 20:41:50.081 Please replace `use_container_width` with `width`.

`use_container_width` will be removed after 2025-12-31.

For `use_container_width=True`, use `width='stretch'`. For `use_container_width=False`, use `width='content'`.
2026-02-26 20:41:50.087 Please replace `use_container_width` with `width`.

`use_container_width` will be removed after 2025-12-31.

For `use_container_width=True`, use `width='stretch'`. For `use_container_width=False`, use `width='content'`.
2026-02-26 20:41:55.778 Please replace `use_container_width` with `width`.

`use_container_width` will be removed after 2025-12-31.

For `use_container_width=True`, use `width='stretch'`. For `use_container_width=False`, use `width='content'`.
2026-02-26 20:41:55.784 Please replace `use_container_width` with `width`.

`use_container_width` will be removed after 2025-12-31.

For `use_container_width=True`, use `width='stretch'`. For `use_container_width=False`, use `width='content'`.
2026-02-26 20:41:55.791 Please replace `use_container_width` with `width`.

`use_container_width` will be removed after 2025-12-31.

For `use_container_width=True`, use `width='stretch'`. For `use_container_width=False`, use `width='content'`.
2026-02-26 20:41:55.792 Please replace `use_container_width` with `width`.

`use_container_width` will be removed after 2025-12-31.

For `use_container_width=True`, use `width='stretch'`. For `use_container_width=False`, use `width='content'`.
2026-02-26 20:41:58.542 Please replace `use_container_width` with `width`.

`use_container_width` will be removed after 2025-12-31.

For `use_container_width=True`, use `width='stretch'`. For `use_container_width=False`, use `width='content'`.
2026-02-26 20:41:58.548 Please replace `use_container_width` with `width`.

`use_container_width` will be removed after 2025-12-31.

For `use_container_width=True`, use `width='stretch'`. For `use_container_width=False`, use `width='content'`.
2026-02-26 20:42:28.238 Please replace `use_container_width` with `width`.

`use_container_width` will be removed after 2025-12-31.

For `use_container_width=True`, use `width='stretch'`. For `use_container_width=False`, use `width='content'`.
2026-02-26 20:42:31.274 Please replace `use_container_width` with `width`.

`use_container_width` will be removed after 2025-12-31.

For `use_container_width=True`, use `width='stretch'`. For `use_container_width=False`, use `width='content'`.
2026-02-26 20:42:34.188 Please replace `use_container_width` with `width`.

`use_container_width` will be removed after 2025-12-31.

For `use_container_width=True`, use `width='stretch'`. For `use_container_width=False`, use `width='content'`.
2026-02-26 20:57:52.886 304 GET / (::1) 0.91ms
2026-02-26 20:57:52.959 304 GET /_stcore/health (::1) 0.49ms
2026-02-26 20:57:52.960 304 GET /_stcore/host-config (::1) 0.31ms
2026-02-26 20:57:52.962 101 GET /_stcore/stream (::1) 0.70ms
2026-02-26 20:57:53.126 Please replace `use_container_width` with `width`.

`use_container_width` will be removed after 2025-12-31.

For `use_container_width=True`, use `width='stretch'`. For `use_container_width=False`, use `width='content'`.
2026-02-26 20:57:53.134 Please replace `use_container_width` with `width`.

`use_container_width` will be removed after 2025-12-31.

For `use_container_width=True`, use `width='stretch'`. For `use_container_width=False`, use `width='content'`.
2026-02-26 20:58:20.732 Please replace `use_container_width` with `width`.

`use_container_width` will be removed after 2025-12-31.

For `use_container_width=True`, use `width='stretch'`. For `use_container_width=False`, use `width='content'`.
2026-02-26 20:58:20.740 Please replace `use_container_width` with `width`.

`use_container_width` will be removed after 2025-12-31.

For `use_container_width=True`, use `width='stretch'`. For `use_container_width=False`, use `width='content'`.
2026-02-26 20:58:23.295 Please replace `use_container_width` with `width`.

`use_container_width` will be removed after 2025-12-31.

For `use_container_width=True`, use `width='stretch'`. For `use_container_width=False`, use `width='content'`.
2026-02-26 20:58:33.189 Please replace `use_container_width` with `width`.

`use_container_width` will be removed after 2025-12-31.

For `use_container_width=True`, use `width='stretch'`. For `use_container_width=False`, use `width='content'`.
2026-02-26 21:01:24.678 Please replace `use_container_width` with `width`.

`use_container_width` will be removed after 2025-12-31.

For `use_container_width=True`, use `width='stretch'`. For `use_container_width=False`, use `width='content'`.
2026-02-26 21:01:42.540 Please replace `use_container_width` with `width`.

`use_container_width` will be removed after 2025-12-31.

For `use_container_width=True`, use `width='stretch'`. For `use_container_width=False`, use `width='content'`.
2026-02-26 21:01:49.751 Please replace `use_container_width` with `width`.

`use_container_width` will be removed after 2025-12-31.

For `use_container_width=True`, use `width='stretch'`. For `use_container_width=False`, use `width='content'`.
2026-02-26 21:01:52.886 Please replace `use_container_width` with `width`.

`use_container_width` will be removed after 2025-12-31.

For `use_container_width=True`, use `width='stretch'`. For `use_container_width=False`, use `width='content'`.
2026-02-26 21:01:55.332 Please replace `use_container_width` with `width`.

`use_container_width` will be removed after 2025-12-31.

For `use_container_width=True`, use `width='stretch'`. For `use_container_width=False`, use `width='content'`.
2026-02-26 21:02:06.750 Please replace `use_container_width` with `width`.

`use_container_width` will be removed after 2025-12-31.

For `use_container_width=True`, use `width='stretch'`. For `use_container_width=False`, use `width='content'`.
2026-02-26 21:12:39.837 304 GET / (::1) 0.80ms
2026-02-26 21:12:39.911 304 GET /_stcore/health (::1) 0.41ms
2026-02-26 21:12:39.912 304 GET /_stcore/host-config (::1) 0.47ms
2026-02-26 21:12:39.914 101 GET /_stcore/stream (::1) 0.67ms
2026-02-26 21:12:40.083 Please replace `use_container_width` with `width`.

`use_container_width` will be removed after 2025-12-31.

For `use_container_width=True`, use `width='stretch'`. For `use_container_width=False`, use `width='content'`.
2026-02-26 21:12:40.090 Please replace `use_container_width` with `width`.

`use_container_width` will be removed after 2025-12-31.

For `use_container_width=True`, use `width='stretch'`. For `use_container_width=False`, use `width='content'`.
2026-02-26 21:12:46.546 Please replace `use_container_width` with `width`.

`use_container_width` will be removed after 2025-12-31.

For `use_container_width=True`, use `width='stretch'`. For `use_container_width=False`, use `width='content'`.
2026-02-26 21:12:46.554 Please replace `use_container_width` with `width`.

`use_container_width` will be removed after 2025-12-31.

For `use_container_width=True`, use `width='stretch'`. For `use_container_width=False`, use `width='content'`.
2026-02-26 21:12:51.217 Please replace `use_container_width` with `width`.

`use_container_width` will be removed after 2025-12-31.

For `use_container_width=True`, use `width='stretch'`. For `use_container_width=False`, use `width='content'`.
2026-02-26 21:12:55.020 Please replace `use_container_width` with `width`.

`use_container_width` will be removed after 2025-12-31.

For `use_container_width=True`, use `width='stretch'`. For `use_container_width=False`, use `width='content'`.
2026-02-26 21:13:01.160 Please replace `use_container_width` with `width`.

`use_container_width` will be removed after 2025-12-31.

For `use_container_width=True`, use `width='stretch'`. For `use_container_width=False`, use `width='content'`.
2026-02-26 21:13:03.351 Please replace `use_container_width` with `width`.

`use_container_width` will be removed after 2025-12-31.

For `use_container_width=True`, use `width='stretch'`. For `use_container_width=False`, use `width='content'`.
2026-02-26 21:13:08.425 Please replace `use_container_width` with `width`.

`use_container_width` will be removed after 2025-12-31.

For `use_container_width=True`, use `width='stretch'`. For `use_container_width=False`, use `width='content'`.
2026-02-26 21:13:15.712 Please replace `use_container_width` with `width`.

`use_container_width` will be removed after 2025-12-31.

For `use_container_width=True`, use `width='stretch'`. For `use_container_width=False`, use `width='content'`.
2026-02-26 21:13:49.780 Please replace `use_container_width` with `width`.

`use_container_width` will be removed after 2025-12-31.

For `use_container_width=True`, use `width='stretch'`. For `use_container_width=False`, use `width='content'`.
2026-02-26 21:14:03.880 Please replace `use_container_width` with `width`.

`use_container_width` will be removed after 2025-12-31.

For `use_container_width=True`, use `width='stretch'`. For `use_container_width=False`, use `width='content'`.
2026-02-26 21:14:03.887 Please replace `use_container_width` with `width`.

`use_container_width` will be removed after 2025-12-31.

For `use_container_width=True`, use `width='stretch'`. For `use_container_width=False`, use `width='content'`.
2026-02-26 21:14:03.894 Please replace `use_container_width` with `width`.

`use_container_width` will be removed after 2025-12-31.

For `use_container_width=True`, use `width='stretch'`. For `use_container_width=False`, use `width='content'`.
2026-02-26 21:14:08.298 Please replace `use_container_width` with `width`.

`use_container_width` will be removed after 2025-12-31.

For `use_container_width=True`, use `width='stretch'`. For `use_container_width=False`, use `width='content'`.
2026-02-26 21:14:08.304 Please replace `use_container_width` with `width`.

`use_container_width` will be removed after 2025-12-31.

For `use_container_width=True`, use `width='stretch'`. For `use_container_width=False`, use `width='content'`.
2026-02-26 21:14:08.311 Please replace `use_container_width` with `width`.

`use_container_width` will be removed after 2025-12-31.

For `use_container_width=True`, use `width='stretch'`. For `use_container_width=False`, use `width='content'`.
2026-02-26 21:14:08.312 Please replace `use_container_width` with `width`.

`use_container_width` will be removed after 2025-12-31.

For `use_container_width=True`, use `width='stretch'`. For `use_container_width=False`, use `width='content'`.
2026-02-26 21:14:26.584 Please replace `use_container_width` with `width`.

`use_container_width` will be removed after 2025-12-31.

For `use_container_width=True`, use `width='stretch'`. For `use_container_width=False`, use `width='content'`.
2026-02-26 21:14:26.590 Please replace `use_container_width` with `width`.

`use_container_width` will be removed after 2025-12-31.

For `use_container_width=True`, use `width='stretch'`. For `use_container_width=False`, use `width='content'`.
2026-02-26 21:14:32.356 Please replace `use_container_width` with `width`.

`use_container_width` will be removed after 2025-12-31.

For `use_container_width=True`, use `width='stretch'`. For `use_container_width=False`, use `width='content'`.
2026-02-26 21:14:46.561 Please replace `use_container_width` with `width`.

`use_container_width` will be removed after 2025-12-31.

For `use_container_width=True`, use `width='stretch'`. For `use_container_width=False`, use `width='content'`.
2026-02-26 21:14:46.568 Please replace `use_container_width` with `width`.

`use_container_width` will be removed after 2025-12-31.

For `use_container_width=True`, use `width='stretch'`. For `use_container_width=False`, use `width='content'`.
2026-02-26 21:14:57.276 Please replace `use_container_width` with `width`.

`use_container_width` will be removed after 2025-12-31.

For `use_container_width=True`, use `width='stretch'`. For `use_container_width=False`, use `width='content'`.
2026-02-26 21:14:57.283 Please replace `use_container_width` with `width`.

`use_container_width` will be removed after 2025-12-31.

For `use_container_width=True`, use `width='stretch'`. For `use_container_width=False`, use `width='content'`.
2026-02-26 21:14:59.627 Please replace `use_container_width` with `width`.

`use_container_width` will be removed after 2025-12-31.

For `use_container_width=True`, use `width='stretch'`. For `use_container_width=False`, use `width='content'`.
2026-02-26 21:14:59.634 Please replace `use_container_width` with `width`.

`use_container_width` will be removed after 2025-12-31.

For `use_container_width=True`, use `width='stretch'`. For `use_container_width=False`, use `width='content'`.
2026-02-26 21:15:25.476 Please replace `use_container_width` with `width`.

`use_container_width` will be removed after 2025-12-31.

For `use_container_width=True`, use `width='stretch'`. For `use_container_width=False`, use `width='content'`.
2026-02-26 21:15:25.483 Please replace `use_container_width` with `width`.

`use_container_width` will be removed after 2025-12-31.

For `use_container_width=True`, use `width='stretch'`. For `use_container_width=False`, use `width='content'`.
2026-02-26 21:15:25.490 Please replace `use_container_width` with `width`.

`use_container_width` will be removed after 2025-12-31.

For `use_container_width=True`, use `width='stretch'`. For `use_container_width=False`, use `width='content'`.
2026-02-26 21:15:25.491 Please replace `use_container_width` with `width`.

`use_container_width` will be removed after 2025-12-31.

For `use_container_width=True`, use `width='stretch'`. For `use_container_width=False`, use `width='content'`.
2026-02-26 21:15:26.569 Please replace `use_container_width` with `width`.

`use_container_width` will be removed after 2025-12-31.

For `use_container_width=True`, use `width='stretch'`. For `use_container_width=False`, use `width='content'`.
2026-02-26 21:15:26.576 Please replace `use_container_width` with `width`.

`use_container_width` will be removed after 2025-12-31.

For `use_container_width=True`, use `width='stretch'`. For `use_container_width=False`, use `width='content'`.
2026-02-26 21:15:26.583 Please replace `use_container_width` with `width`.

`use_container_width` will be removed after 2025-12-31.

For `use_container_width=True`, use `width='stretch'`. For `use_container_width=False`, use `width='content'`.
2026-02-26 21:15:28.237 Please replace `use_container_width` with `width`.

`use_container_width` will be removed after 2025-12-31.

For `use_container_width=True`, use `width='stretch'`. For `use_container_width=False`, use `width='content'`.
2026-02-26 21:35:46.812 304 GET / (::1) 2.66ms
2026-02-26 21:35:46.911 304 GET /_stcore/health (::1) 0.75ms
2026-02-26 21:35:46.912 304 GET /_stcore/host-config (::1) 0.60ms
2026-02-26 21:35:46.915 101 GET /_stcore/stream (::1) 1.12ms
2026-02-26 21:35:47.134 Please replace `use_container_width` with `width`.

`use_container_width` will be removed after 2025-12-31.

For `use_container_width=True`, use `width='stretch'`. For `use_container_width=False`, use `width='content'`.
2026-02-26 21:35:47.142 Please replace `use_container_width` with `width`.

`use_container_width` will be removed after 2025-12-31.

For `use_container_width=True`, use `width='stretch'`. For `use_container_width=False`, use `width='content'`.
2026-02-26 21:35:52.777 Please replace `use_container_width` with `width`.

`use_container_width` will be removed after 2025-12-31.

For `use_container_width=True`, use `width='stretch'`. For `use_container_width=False`, use `width='content'`.
2026-02-26 21:35:52.784 Please replace `use_container_width` with `width`.

`use_container_width` will be removed after 2025-12-31.

For `use_container_width=True`, use `width='stretch'`. For `use_container_width=False`, use `width='content'`.
2026-02-26 21:35:57.699 Please replace `use_container_width` with `width`.

`use_container_width` will be removed after 2025-12-31.

For `use_container_width=True`, use `width='stretch'`. For `use_container_width=False`, use `width='content'`.
2026-02-26 21:36:06.578 Please replace `use_container_width` with `width`.

`use_container_width` will be removed after 2025-12-31.

For `use_container_width=True`, use `width='stretch'`. For `use_container_width=False`, use `width='content'`.
2026-02-26 21:36:09.283 Please replace `use_container_width` with `width`.

`use_container_width` will be removed after 2025-12-31.

For `use_container_width=True`, use `width='stretch'`. For `use_container_width=False`, use `width='content'`.
2026-02-26 21:36:17.752 Please replace `use_container_width` with `width`.

`use_container_width` will be removed after 2025-12-31.

For `use_container_width=True`, use `width='stretch'`. For `use_container_width=False`, use `width='content'`.
2026-02-26 21:36:46.467 Please replace `use_container_width` with `width`.

`use_container_width` will be removed after 2025-12-31.

For `use_container_width=True`, use `width='stretch'`. For `use_container_width=False`, use `width='content'`.
2026-02-26 21:36:46.475 Please replace `use_container_width` with `width`.

`use_container_width` will be removed after 2025-12-31.

For `use_container_width=True`, use `width='stretch'`. For `use_container_width=False`, use `width='content'`.
2026-02-26 21:36:46.482 Please replace `use_container_width` with `width`.

`use_container_width` will be removed after 2025-12-31.

For `use_container_width=True`, use `width='stretch'`. For `use_container_width=False`, use `width='content'`.
2026-02-26 21:36:46.484 Please replace `use_container_width` with `width`.

`use_container_width` will be removed after 2025-12-31.

For `use_container_width=True`, use `width='stretch'`. For `use_container_width=False`, use `width='content'`.
2026-02-26 21:36:58.439 Please replace `use_container_width` with `width`.

`use_container_width` will be removed after 2025-12-31.

For `use_container_width=True`, use `width='stretch'`. For `use_container_width=False`, use `width='content'`.
2026-02-26 21:36:58.446 Please replace `use_container_width` with `width`.

`use_container_width` will be removed after 2025-12-31.

For `use_container_width=True`, use `width='stretch'`. For `use_container_width=False`, use `width='content'`.
2026-02-26 21:36:58.453 Please replace `use_container_width` with `width`.

`use_container_width` will be removed after 2025-12-31.

For `use_container_width=True`, use `width='stretch'`. For `use_container_width=False`, use `width='content'`.
2026-02-26 21:36:58.454 Please replace `use_container_width` with `width`.

`use_container_width` will be removed after 2025-12-31.

For `use_container_width=True`, use `width='stretch'`. For `use_container_width=False`, use `width='content'`.
2026-02-26 21:37:06.603 Please replace `use_container_width` with `width`.

`use_container_width` will be removed after 2025-12-31.

For `use_container_width=True`, use `width='stretch'`. For `use_container_width=False`, use `width='content'`.
2026-02-26 21:37:06.609 Please replace `use_container_width` with `width`.

`use_container_width` will be removed after 2025-12-31.

For `use_container_width=True`, use `width='stretch'`. For `use_container_width=False`, use `width='content'`.
2026-02-26 21:37:06.617 Please replace `use_container_width` with `width`.

`use_container_width` will be removed after 2025-12-31.

For `use_container_width=True`, use `width='stretch'`. For `use_container_width=False`, use `width='content'`.
2026-02-26 21:37:06.618 Please replace `use_container_width` with `width`.

`use_container_width` will be removed after 2025-12-31.

For `use_container_width=True`, use `width='stretch'`. For `use_container_width=False`, use `width='content'`.
2026-02-26 21:37:23.970 Please replace `use_container_width` with `width`.

`use_container_width` will be removed after 2025-12-31.

For `use_container_width=True`, use `width='stretch'`. For `use_container_width=False`, use `width='content'`.
2026-02-26 21:37:25.951 Please replace `use_container_width` with `width`.

`use_container_width` will be removed after 2025-12-31.

For `use_container_width=True`, use `width='stretch'`. For `use_container_width=False`, use `width='content'`.
2026-02-26 21:37:32.612 Please replace `use_container_width` with `width`.

`use_container_width` will be removed after 2025-12-31.

For `use_container_width=True`, use `width='stretch'`. For `use_container_width=False`, use `width='content'`.
2026-02-26 21:37:34.909 Please replace `use_container_width` with `width`.

`use_container_width` will be removed after 2025-12-31.

For `use_container_width=True`, use `width='stretch'`. For `use_container_width=False`, use `width='content'`.
2026-02-26 21:37:48.758 Please replace `use_container_width` with `width`.

`use_container_width` will be removed after 2025-12-31.

For `use_container_width=True`, use `width='stretch'`. For `use_container_width=False`, use `width='content'`.
2026-02-26 21:38:21.596 Please replace `use_container_width` with `width`.

`use_container_width` will be removed after 2025-12-31.

For `use_container_width=True`, use `width='stretch'`. For `use_container_width=False`, use `width='content'`.
2026-02-26 21:38:36.492 Please replace `use_container_width` with `width`.

`use_container_width` will be removed after 2025-12-31.

For `use_container_width=True`, use `width='stretch'`. For `use_container_width=False`, use `width='content'`.
2026-02-26 21:38:38.841 Please replace `use_container_width` with `width`.

`use_container_width` will be removed after 2025-12-31.

For `use_container_width=True`, use `width='stretch'`. For `use_container_width=False`, use `width='content'`.
2026-02-26 21:38:41.416 Please replace `use_container_width` with `width`.

`use_container_width` will be removed after 2025-12-31.

For `use_container_width=True`, use `width='stretch'`. For `use_container_width=False`, use `width='content'`.
2026-02-27 07:46:02.790 304 GET / (::1) 2.12ms
2026-02-27 07:46:02.893 304 GET /_stcore/host-config (::1) 0.56ms
2026-02-27 07:46:02.893 304 GET /_stcore/health (::1) 0.56ms
2026-02-27 07:46:02.897 101 GET /_stcore/stream (::1) 2.08ms
2026-02-27 07:46:03.071 Please replace `use_container_width` with `width`.

`use_container_width` will be removed after 2025-12-31.

For `use_container_width=True`, use `width='stretch'`. For `use_container_width=False`, use `width='content'`.
2026-02-27 07:46:03.080 Please replace `use_container_width` with `width`.

`use_container_width` will be removed after 2025-12-31.

For `use_container_width=True`, use `width='stretch'`. For `use_container_width=False`, use `width='content'`.
2026-02-27 07:46:14.190 Please replace `use_container_width` with `width`.

`use_container_width` will be removed after 2025-12-31.

For `use_container_width=True`, use `width='stretch'`. For `use_container_width=False`, use `width='content'`.
2026-02-27 07:46:14.200 Please replace `use_container_width` with `width`.

`use_container_width` will be removed after 2025-12-31.

For `use_container_width=True`, use `width='stretch'`. For `use_container_width=False`, use `width='content'`.
2026-02-27 08:27:56.622 304 GET / (::1) 1.95ms
2026-02-27 08:27:56.679 304 GET /_stcore/host-config (::1) 0.43ms
2026-02-27 08:27:56.680 304 GET /_stcore/health (::1) 0.48ms
2026-02-27 08:27:56.682 101 GET /_stcore/stream (::1) 0.76ms
2026-02-27 08:27:56.881 Please replace `use_container_width` with `width`.

`use_container_width` will be removed after 2025-12-31.

For `use_container_width=True`, use `width='stretch'`. For `use_container_width=False`, use `width='content'`.
2026-02-27 08:27:56.889 Please replace `use_container_width` with `width`.

`use_container_width` will be removed after 2025-12-31.

For `use_container_width=True`, use `width='stretch'`. For `use_container_width=False`, use `width='content'`.
2026-02-27 08:28:00.551 Please replace `use_container_width` with `width`.

`use_container_width` will be removed after 2025-12-31.

For `use_container_width=True`, use `width='stretch'`. For `use_container_width=False`, use `width='content'`.
2026-02-27 08:28:00.552 Uncaught app execution
Traceback (most recent call last):
  File "/Users/shinsukeimanaka/.gemini/antigravity/applicaiton_develop/Dinamic_Priceing/backend/venv/lib/python3.14/site-packages/streamlit/runtime/scriptrunner/exec_code.py", line 129, in exec_func_with_error_handling
    result = func()
  File "/Users/shinsukeimanaka/.gemini/antigravity/applicaiton_develop/Dinamic_Priceing/backend/venv/lib/python3.14/site-packages/streamlit/runtime/scriptrunner/script_runner.py", line 689, in code_to_exec
    exec(code, module.__dict__)  # noqa: S102
    ~~~~^^^^^^^^^^^^^^^^^^^^^^^
  File "/Users/shinsukeimanaka/.gemini/antigravity/applicaiton_develop/Dinamic_Priceing/backend/dashboard/app.py", line 1142, in <module>
    det_a = sim_result["details_a"]
            ^^^^^^^^^^
NameError: name 'sim_result' is not defined. Did you mean: 'sim_res'?
2026-02-27 09:03:02.944 304 GET / (::1) 2.38ms
2026-02-27 09:03:03.006 304 GET /_stcore/health (::1) 0.78ms
2026-02-27 09:03:03.006 304 GET /_stcore/host-config (::1) 0.83ms
2026-02-27 09:03:03.009 101 GET /_stcore/stream (::1) 0.78ms
2026-02-27 09:03:03.178 Please replace `use_container_width` with `width`.

`use_container_width` will be removed after 2025-12-31.

For `use_container_width=True`, use `width='stretch'`. For `use_container_width=False`, use `width='content'`.
2026-02-27 09:03:03.187 Please replace `use_container_width` with `width`.

`use_container_width` will be removed after 2025-12-31.

For `use_container_width=True`, use `width='stretch'`. For `use_container_width=False`, use `width='content'`.
2026-02-27 09:03:08.484 Please replace `use_container_width` with `width`.

`use_container_width` will be removed after 2025-12-31.

For `use_container_width=True`, use `width='stretch'`. For `use_container_width=False`, use `width='content'`.
2026-02-27 09:03:08.487 Please replace `use_container_width` with `width`.

`use_container_width` will be removed after 2025-12-31.

For `use_container_width=True`, use `width='stretch'`. For `use_container_width=False`, use `width='content'`.
2026-02-27 09:03:08.488 Uncaught app execution
Traceback (most recent call last):
  File "/Users/shinsukeimanaka/.gemini/antigravity/applicaiton_develop/Dinamic_Priceing/backend/venv/lib/python3.14/site-packages/streamlit/runtime/scriptrunner/exec_code.py", line 129, in exec_func_with_error_handling
    result = func()
  File "/Users/shinsukeimanaka/.gemini/antigravity/applicaiton_develop/Dinamic_Priceing/backend/venv/lib/python3.14/site-packages/streamlit/runtime/scriptrunner/script_runner.py", line 689, in code_to_exec
    exec(code, module.__dict__)  # noqa: S102
    ~~~~^^^^^^^^^^^^^^^^^^^^^^^
  File "/Users/shinsukeimanaka/.gemini/antigravity/applicaiton_develop/Dinamic_Priceing/backend/dashboard/app.py", line 1161, in <module>
    "商材": "🏨 " + h_name,
                    ^^^^^^
NameError: name 'h_name' is not defined
2026-02-27 09:09:12.150 304 GET / (::1) 2.89ms
2026-02-27 09:09:12.237 304 GET /_stcore/health (::1) 0.73ms
2026-02-27 09:09:12.237 304 GET /_stcore/host-config (::1) 0.61ms
2026-02-27 09:09:12.241 101 GET /_stcore/stream (::1) 1.49ms
2026-02-27 09:09:12.432 Please replace `use_container_width` with `width`.

`use_container_width` will be removed after 2025-12-31.

For `use_container_width=True`, use `width='stretch'`. For `use_container_width=False`, use `width='content'`.
2026-02-27 09:09:12.441 Please replace `use_container_width` with `width`.

`use_container_width` will be removed after 2025-12-31.

For `use_container_width=True`, use `width='stretch'`. For `use_container_width=False`, use `width='content'`.
2026-02-27 09:09:14.229 Please replace `use_container_width` with `width`.

`use_container_width` will be removed after 2025-12-31.

For `use_container_width=True`, use `width='stretch'`. For `use_container_width=False`, use `width='content'`.
2026-02-27 09:09:14.232 Please replace `use_container_width` with `width`.

`use_container_width` will be removed after 2025-12-31.

For `use_container_width=True`, use `width='stretch'`. For `use_container_width=False`, use `width='content'`.
2026-02-27 09:09:14.233 Please replace `use_container_width` with `width`.

`use_container_width` will be removed after 2025-12-31.

For `use_container_width=True`, use `width='stretch'`. For `use_container_width=False`, use `width='content'`.
2026-02-27 09:09:14.234 Please replace `use_container_width` with `width`.

`use_container_width` will be removed after 2025-12-31.

For `use_container_width=True`, use `width='stretch'`. For `use_container_width=False`, use `width='content'`.
2026-02-27 09:22:32.597 Please replace `use_container_width` with `width`.

`use_container_width` will be removed after 2025-12-31.

For `use_container_width=True`, use `width='stretch'`. For `use_container_width=False`, use `width='content'`.
2026-02-27 09:22:32.600 Please replace `use_container_width` with `width`.

`use_container_width` will be removed after 2025-12-31.

For `use_container_width=True`, use `width='stretch'`. For `use_container_width=False`, use `width='content'`.
2026-02-27 09:22:32.601 Please replace `use_container_width` with `width`.

`use_container_width` will be removed after 2025-12-31.

For `use_container_width=True`, use `width='stretch'`. For `use_container_width=False`, use `width='content'`.
2026-02-27 09:22:32.601 Please replace `use_container_width` with `width`.

`use_container_width` will be removed after 2025-12-31.

For `use_container_width=True`, use `width='stretch'`. For `use_container_width=False`, use `width='content'`.
2026-02-27 10:31:40.204 304 GET / (::1) 1.24ms
2026-02-27 10:31:40.286 304 GET /_stcore/health (::1) 1.03ms
2026-02-27 10:31:40.287 304 GET /_stcore/host-config (::1) 0.44ms
2026-02-27 10:31:40.292 101 GET /_stcore/stream (::1) 2.41ms
2026-02-27 10:31:40.498 Please replace `use_container_width` with `width`.

`use_container_width` will be removed after 2025-12-31.

For `use_container_width=True`, use `width='stretch'`. For `use_container_width=False`, use `width='content'`.
2026-02-27 10:31:40.508 Please replace `use_container_width` with `width`.

`use_container_width` will be removed after 2025-12-31.

For `use_container_width=True`, use `width='stretch'`. For `use_container_width=False`, use `width='content'`.
2026-02-27 10:31:42.956 Uncaught app execution
Traceback (most recent call last):
  File "/Users/shinsukeimanaka/.gemini/antigravity/applicaiton_develop/Dinamic_Priceing/backend/venv/lib/python3.14/site-packages/streamlit/runtime/scriptrunner/exec_code.py", line 129, in exec_func_with_error_handling
    result = func()
  File "/Users/shinsukeimanaka/.gemini/antigravity/applicaiton_develop/Dinamic_Priceing/backend/venv/lib/python3.14/site-packages/streamlit/runtime/scriptrunner/script_runner.py", line 689, in code_to_exec
    exec(code, module.__dict__)  # noqa: S102
    ~~~~^^^^^^^^^^^^^^^^^^^^^^^
  File "/Users/shinsukeimanaka/.gemini/antigravity/applicaiton_develop/Dinamic_Priceing/backend/dashboard/app.py", line 1161, in <module>
    fig_sim.add_vline(x=past_x[-1], line_width=2, line_dash="dash", line_color="#a78bfa", annotation_text="本日 (実績/予測 境界)", annotation_position="top right")
    ~~~~~~~~~~~~~~~~~^^^^^^^^^^^^^^^^^^^^^^^^^^^^^^^^^^^^^^^^^^^^^^^^^^^^^^^^^^^^^^^^^^^^^^^^^^^^^^^^^^^^^^^^^^^^^^^^^^^^^^^^^^^^^^^^^^^^^^^^^^^^^^^^^^^^^^^^^^^^^^
  File "/Users/shinsukeimanaka/.gemini/antigravity/applicaiton_develop/Dinamic_Priceing/backend/venv/lib/python3.14/site-packages/plotly/graph_objs/_figure.py", line 473, in add_vline
    return super().add_vline(
           ~~~~~~~~~~~~~~~~~^
        x, row, col, exclude_empty_subplots, annotation, **kwargs
        ^^^^^^^^^^^^^^^^^^^^^^^^^^^^^^^^^^^^^^^^^^^^^^^^^^^^^^^^^
    )
    ^
  File "/Users/shinsukeimanaka/.gemini/antigravity/applicaiton_develop/Dinamic_Priceing/backend/venv/lib/python3.14/site-packages/plotly/basedatatypes.py", line 4152, in add_vline
    self._process_multiple_axis_spanning_shapes(
    ~~~~~~~~~~~~~~~~~~~~~~~~~~~~~~~~~~~~~~~~~~~^
        dict(type="line", x0=x, x1=x, y0=0, y1=1),
        ^^^^^^^^^^^^^^^^^^^^^^^^^^^^^^^^^^^^^^^^^^
    ...<5 lines>...
        **kwargs,
        ^^^^^^^^^
    )
    ^
  File "/Users/shinsukeimanaka/.gemini/antigravity/applicaiton_develop/Dinamic_Priceing/backend/venv/lib/python3.14/site-packages/plotly/basedatatypes.py", line 4093, in _process_multiple_axis_spanning_shapes
    augmented_annotation = shapeannotation.axis_spanning_shape_annotation(
        annotation, shape_type, shape_args, annotation_kwargs
    )
  File "/Users/shinsukeimanaka/.gemini/antigravity/applicaiton_develop/Dinamic_Priceing/backend/venv/lib/python3.14/site-packages/plotly/shapeannotation.py", line 216, in axis_spanning_shape_annotation
    shape_dict = annotation_params_for_line(
        shape_type, shape_args, annotation_position
    )
  File "/Users/shinsukeimanaka/.gemini/antigravity/applicaiton_develop/Dinamic_Priceing/backend/venv/lib/python3.14/site-packages/plotly/shapeannotation.py", line 63, in annotation_params_for_line
    eX = _mean(X)
  File "/Users/shinsukeimanaka/.gemini/antigravity/applicaiton_develop/Dinamic_Priceing/backend/venv/lib/python3.14/site-packages/plotly/shapeannotation.py", line 7, in _mean
    return float(sum(x)) / len(x)
                 ~~~^^^
TypeError: unsupported operand type(s) for +: 'int' and 'str'
2026-02-27 10:42:36.591 304 GET / (::1) 0.51ms
2026-02-27 10:42:36.641 304 GET /_stcore/health (::1) 1.08ms
2026-02-27 10:42:36.641 304 GET /_stcore/host-config (::1) 0.83ms
2026-02-27 10:42:36.643 101 GET /_stcore/stream (::1) 0.68ms
2026-02-27 10:42:36.827 Please replace `use_container_width` with `width`.

`use_container_width` will be removed after 2025-12-31.

For `use_container_width=True`, use `width='stretch'`. For `use_container_width=False`, use `width='content'`.
2026-02-27 10:42:36.836 Please replace `use_container_width` with `width`.

`use_container_width` will be removed after 2025-12-31.

For `use_container_width=True`, use `width='stretch'`. For `use_container_width=False`, use `width='content'`.
2026-02-27 10:42:39.204 Please replace `use_container_width` with `width`.

`use_container_width` will be removed after 2025-12-31.

For `use_container_width=True`, use `width='stretch'`. For `use_container_width=False`, use `width='content'`.
2026-02-27 10:42:39.206 Uncaught app execution
Traceback (most recent call last):
  File "/Users/shinsukeimanaka/.gemini/antigravity/applicaiton_develop/Dinamic_Priceing/backend/venv/lib/python3.14/site-packages/streamlit/runtime/scriptrunner/exec_code.py", line 129, in exec_func_with_error_handling
    result = func()
  File "/Users/shinsukeimanaka/.gemini/antigravity/applicaiton_develop/Dinamic_Priceing/backend/venv/lib/python3.14/site-packages/streamlit/runtime/scriptrunner/script_runner.py", line 689, in code_to_exec
    exec(code, module.__dict__)  # noqa: S102
    ~~~~^^^^^^^^^^^^^^^^^^^^^^^
  File "/Users/shinsukeimanaka/.gemini/antigravity/applicaiton_develop/Dinamic_Priceing/backend/dashboard/app.py", line 1190, in <module>
    res_a = scenario_a_profit[-1]
            ^^^^^^^^^^^^^^^^^
NameError: name 'scenario_a_profit' is not defined
2026-02-27 11:03:28.161 304 GET / (::1) 1.09ms
2026-02-27 11:03:28.229 304 GET /_stcore/health (::1) 1.31ms
2026-02-27 11:03:28.230 304 GET /_stcore/host-config (::1) 0.90ms
2026-02-27 11:03:28.233 101 GET /_stcore/stream (::1) 0.82ms
2026-02-27 11:03:28.416 Please replace `use_container_width` with `width`.

`use_container_width` will be removed after 2025-12-31.

For `use_container_width=True`, use `width='stretch'`. For `use_container_width=False`, use `width='content'`.
2026-02-27 11:03:28.424 Please replace `use_container_width` with `width`.

`use_container_width` will be removed after 2025-12-31.

For `use_container_width=True`, use `width='stretch'`. For `use_container_width=False`, use `width='content'`.
2026-02-27 11:03:30.901 Please replace `use_container_width` with `width`.

`use_container_width` will be removed after 2025-12-31.

For `use_container_width=True`, use `width='stretch'`. For `use_container_width=False`, use `width='content'`.
2026-02-27 11:03:30.904 Please replace `use_container_width` with `width`.

`use_container_width` will be removed after 2025-12-31.

For `use_container_width=True`, use `width='stretch'`. For `use_container_width=False`, use `width='content'`.
2026-02-27 11:03:30.905 Please replace `use_container_width` with `width`.

`use_container_width` will be removed after 2025-12-31.

For `use_container_width=True`, use `width='stretch'`. For `use_container_width=False`, use `width='content'`.
2026-02-27 11:03:30.905 Please replace `use_container_width` with `width`.

`use_container_width` will be removed after 2025-12-31.

For `use_container_width=True`, use `width='stretch'`. For `use_container_width=False`, use `width='content'`.
2026-02-27 11:03:37.864 Please replace `use_container_width` with `width`.

`use_container_width` will be removed after 2025-12-31.

For `use_container_width=True`, use `width='stretch'`. For `use_container_width=False`, use `width='content'`.
2026-02-27 11:03:37.866 Please replace `use_container_width` with `width`.

`use_container_width` will be removed after 2025-12-31.

For `use_container_width=True`, use `width='stretch'`. For `use_container_width=False`, use `width='content'`.
2026-02-27 11:03:37.867 Please replace `use_container_width` with `width`.

`use_container_width` will be removed after 2025-12-31.

For `use_container_width=True`, use `width='stretch'`. For `use_container_width=False`, use `width='content'`.
2026-02-27 11:03:37.868 Please replace `use_container_width` with `width`.

`use_container_width` will be removed after 2025-12-31.

For `use_container_width=True`, use `width='stretch'`. For `use_container_width=False`, use `width='content'`.
2026-02-27 11:39:54.595 304 GET / (::1) 1.75ms
2026-02-27 11:39:54.672 304 GET /_stcore/health (::1) 1.31ms
2026-02-27 11:39:54.673 304 GET /_stcore/host-config (::1) 0.75ms
2026-02-27 11:39:54.676 101 GET /_stcore/stream (::1) 1.10ms
2026-02-27 11:39:54.866 Please replace `use_container_width` with `width`.

`use_container_width` will be removed after 2025-12-31.

For `use_container_width=True`, use `width='stretch'`. For `use_container_width=False`, use `width='content'`.
2026-02-27 11:39:54.874 Please replace `use_container_width` with `width`.

`use_container_width` will be removed after 2025-12-31.

For `use_container_width=True`, use `width='stretch'`. For `use_container_width=False`, use `width='content'`.
2026-02-27 11:39:57.241 Please replace `use_container_width` with `width`.

`use_container_width` will be removed after 2025-12-31.

For `use_container_width=True`, use `width='stretch'`. For `use_container_width=False`, use `width='content'`.
2026-02-27 11:39:57.244 Please replace `use_container_width` with `width`.

`use_container_width` will be removed after 2025-12-31.

For `use_container_width=True`, use `width='stretch'`. For `use_container_width=False`, use `width='content'`.
2026-02-27 11:39:57.244 Please replace `use_container_width` with `width`.

`use_container_width` will be removed after 2025-12-31.

For `use_container_width=True`, use `width='stretch'`. For `use_container_width=False`, use `width='content'`.
2026-02-27 11:39:57.245 Please replace `use_container_width` with `width`.

`use_container_width` will be removed after 2025-12-31.

For `use_container_width=True`, use `width='stretch'`. For `use_container_width=False`, use `width='content'`.
2026-02-27 11:39:59.887 Please replace `use_container_width` with `width`.

`use_container_width` will be removed after 2025-12-31.

For `use_container_width=True`, use `width='stretch'`. For `use_container_width=False`, use `width='content'`.
2026-02-27 11:39:59.889 Please replace `use_container_width` with `width`.

`use_container_width` will be removed after 2025-12-31.

For `use_container_width=True`, use `width='stretch'`. For `use_container_width=False`, use `width='content'`.
2026-02-27 11:39:59.890 Please replace `use_container_width` with `width`.

`use_container_width` will be removed after 2025-12-31.

For `use_container_width=True`, use `width='stretch'`. For `use_container_width=False`, use `width='content'`.
2026-02-27 11:39:59.891 Please replace `use_container_width` with `width`.

`use_container_width` will be removed after 2025-12-31.

For `use_container_width=True`, use `width='stretch'`. For `use_container_width=False`, use `width='content'`.
2026-02-27 11:41:02.525 Please replace `use_container_width` with `width`.

`use_container_width` will be removed after 2025-12-31.

For `use_container_width=True`, use `width='stretch'`. For `use_container_width=False`, use `width='content'`.
2026-02-27 11:41:02.528 Please replace `use_container_width` with `width`.

`use_container_width` will be removed after 2025-12-31.

For `use_container_width=True`, use `width='stretch'`. For `use_container_width=False`, use `width='content'`.
2026-02-27 11:41:02.528 Please replace `use_container_width` with `width`.

`use_container_width` will be removed after 2025-12-31.

For `use_container_width=True`, use `width='stretch'`. For `use_container_width=False`, use `width='content'`.
2026-02-27 11:41:02.529 Please replace `use_container_width` with `width`.

`use_container_width` will be removed after 2025-12-31.

For `use_container_width=True`, use `width='stretch'`. For `use_container_width=False`, use `width='content'`.
2026-02-27 11:54:45.950 304 GET / (::1) 0.58ms
2026-02-27 11:54:46.030 304 GET /_stcore/health (::1) 1.03ms
2026-02-27 11:54:46.031 304 GET /_stcore/host-config (::1) 0.89ms
2026-02-27 11:54:46.035 101 GET /_stcore/stream (::1) 0.87ms
2026-02-27 11:54:46.216 Please replace `use_container_width` with `width`.

`use_container_width` will be removed after 2025-12-31.

For `use_container_width=True`, use `width='stretch'`. For `use_container_width=False`, use `width='content'`.
2026-02-27 11:54:46.225 Please replace `use_container_width` with `width`.

`use_container_width` will be removed after 2025-12-31.

For `use_container_width=True`, use `width='stretch'`. For `use_container_width=False`, use `width='content'`.
2026-02-27 11:54:49.913 Please replace `use_container_width` with `width`.

`use_container_width` will be removed after 2025-12-31.

For `use_container_width=True`, use `width='stretch'`. For `use_container_width=False`, use `width='content'`.
2026-02-27 11:54:49.920 Please replace `use_container_width` with `width`.

`use_container_width` will be removed after 2025-12-31.

For `use_container_width=True`, use `width='stretch'`. For `use_container_width=False`, use `width='content'`.
2026-02-27 11:54:52.763 Please replace `use_container_width` with `width`.

`use_container_width` will be removed after 2025-12-31.

For `use_container_width=True`, use `width='stretch'`. For `use_container_width=False`, use `width='content'`.
2026-02-27 11:54:52.766 Please replace `use_container_width` with `width`.

`use_container_width` will be removed after 2025-12-31.

For `use_container_width=True`, use `width='stretch'`. For `use_container_width=False`, use `width='content'`.
2026-02-27 11:54:52.767 Please replace `use_container_width` with `width`.

`use_container_width` will be removed after 2025-12-31.

For `use_container_width=True`, use `width='stretch'`. For `use_container_width=False`, use `width='content'`.
2026-02-27 11:54:52.768 Please replace `use_container_width` with `width`.

`use_container_width` will be removed after 2025-12-31.

For `use_container_width=True`, use `width='stretch'`. For `use_container_width=False`, use `width='content'`.
2026-02-27 12:02:01.944 304 GET / (::1) 2.16ms
2026-02-27 12:02:02.023 304 GET /_stcore/health (::1) 1.22ms
2026-02-27 12:02:02.024 304 GET /_stcore/host-config (::1) 0.80ms
2026-02-27 12:02:02.028 101 GET /_stcore/stream (::1) 1.05ms
2026-02-27 12:02:02.249 Please replace `use_container_width` with `width`.

`use_container_width` will be removed after 2025-12-31.

For `use_container_width=True`, use `width='stretch'`. For `use_container_width=False`, use `width='content'`.
2026-02-27 12:02:02.259 Please replace `use_container_width` with `width`.

`use_container_width` will be removed after 2025-12-31.

For `use_container_width=True`, use `width='stretch'`. For `use_container_width=False`, use `width='content'`.
2026-02-27 12:02:30.534 Please replace `use_container_width` with `width`.

`use_container_width` will be removed after 2025-12-31.

For `use_container_width=True`, use `width='stretch'`. For `use_container_width=False`, use `width='content'`.
2026-02-27 12:02:30.537 Please replace `use_container_width` with `width`.

`use_container_width` will be removed after 2025-12-31.

For `use_container_width=True`, use `width='stretch'`. For `use_container_width=False`, use `width='content'`.
2026-02-27 12:02:30.538 Please replace `use_container_width` with `width`.

`use_container_width` will be removed after 2025-12-31.

For `use_container_width=True`, use `width='stretch'`. For `use_container_width=False`, use `width='content'`.
2026-02-27 12:02:30.539 Please replace `use_container_width` with `width`.

`use_container_width` will be removed after 2025-12-31.

For `use_container_width=True`, use `width='stretch'`. For `use_container_width=False`, use `width='content'`.
2026-02-27 12:02:43.270 Please replace `use_container_width` with `width`.

`use_container_width` will be removed after 2025-12-31.

For `use_container_width=True`, use `width='stretch'`. For `use_container_width=False`, use `width='content'`.
2026-02-27 12:02:43.272 Please replace `use_container_width` with `width`.

`use_container_width` will be removed after 2025-12-31.

For `use_container_width=True`, use `width='stretch'`. For `use_container_width=False`, use `width='content'`.
2026-02-27 12:02:43.273 Please replace `use_container_width` with `width`.

`use_container_width` will be removed after 2025-12-31.

For `use_container_width=True`, use `width='stretch'`. For `use_container_width=False`, use `width='content'`.
2026-02-27 12:02:43.274 Please replace `use_container_width` with `width`.

`use_container_width` will be removed after 2025-12-31.

For `use_container_width=True`, use `width='stretch'`. For `use_container_width=False`, use `width='content'`.
2026-02-27 12:04:02.967 Please replace `use_container_width` with `width`.

`use_container_width` will be removed after 2025-12-31.

For `use_container_width=True`, use `width='stretch'`. For `use_container_width=False`, use `width='content'`.
2026-02-27 12:04:02.971 Please replace `use_container_width` with `width`.

`use_container_width` will be removed after 2025-12-31.

For `use_container_width=True`, use `width='stretch'`. For `use_container_width=False`, use `width='content'`.
2026-02-27 12:04:02.971 Please replace `use_container_width` with `width`.

`use_container_width` will be removed after 2025-12-31.

For `use_container_width=True`, use `width='stretch'`. For `use_container_width=False`, use `width='content'`.
2026-02-27 12:04:02.972 Please replace `use_container_width` with `width`.

`use_container_width` will be removed after 2025-12-31.

For `use_container_width=True`, use `width='stretch'`. For `use_container_width=False`, use `width='content'`.
2026-02-27 12:10:54.183 304 GET / (::1) 0.44ms
2026-02-27 12:10:54.258 304 GET /_stcore/health (::1) 0.69ms
2026-02-27 12:10:54.259 304 GET /_stcore/host-config (::1) 0.37ms
2026-02-27 12:10:54.262 101 GET /_stcore/stream (::1) 0.67ms
2026-02-27 12:10:54.429 Please replace `use_container_width` with `width`.

`use_container_width` will be removed after 2025-12-31.

For `use_container_width=True`, use `width='stretch'`. For `use_container_width=False`, use `width='content'`.
2026-02-27 12:10:54.438 Please replace `use_container_width` with `width`.

`use_container_width` will be removed after 2025-12-31.

For `use_container_width=True`, use `width='stretch'`. For `use_container_width=False`, use `width='content'`.
2026-02-27 12:10:59.035 Please replace `use_container_width` with `width`.

`use_container_width` will be removed after 2025-12-31.

For `use_container_width=True`, use `width='stretch'`. For `use_container_width=False`, use `width='content'`.
2026-02-27 12:10:59.043 Please replace `use_container_width` with `width`.

`use_container_width` will be removed after 2025-12-31.

For `use_container_width=True`, use `width='stretch'`. For `use_container_width=False`, use `width='content'`.
2026-02-27 12:11:01.808 Uncaught app execution
Traceback (most recent call last):
  File "/Users/shinsukeimanaka/.gemini/antigravity/applicaiton_develop/Dinamic_Priceing/backend/venv/lib/python3.14/site-packages/streamlit/runtime/scriptrunner/exec_code.py", line 129, in exec_func_with_error_handling
    result = func()
  File "/Users/shinsukeimanaka/.gemini/antigravity/applicaiton_develop/Dinamic_Priceing/backend/venv/lib/python3.14/site-packages/streamlit/runtime/scriptrunner/script_runner.py", line 689, in code_to_exec
    exec(code, module.__dict__)  # noqa: S102
    ~~~~^^^^^^^^^^^^^^^^^^^^^^^
  File "/Users/shinsukeimanaka/.gemini/antigravity/applicaiton_develop/Dinamic_Priceing/backend/dashboard/app.py", line 975, in <module>
    target_date = dep_dt - timedelta(days=d)
                  ^^^^^^
NameError: name 'dep_dt' is not defined
2026-02-27 12:11:04.653 Uncaught app execution
Traceback (most recent call last):
  File "/Users/shinsukeimanaka/.gemini/antigravity/applicaiton_develop/Dinamic_Priceing/backend/venv/lib/python3.14/site-packages/streamlit/runtime/scriptrunner/exec_code.py", line 129, in exec_func_with_error_handling
    result = func()
  File "/Users/shinsukeimanaka/.gemini/antigravity/applicaiton_develop/Dinamic_Priceing/backend/venv/lib/python3.14/site-packages/streamlit/runtime/scriptrunner/script_runner.py", line 689, in code_to_exec
    exec(code, module.__dict__)  # noqa: S102
    ~~~~^^^^^^^^^^^^^^^^^^^^^^^
  File "/Users/shinsukeimanaka/.gemini/antigravity/applicaiton_develop/Dinamic_Priceing/backend/dashboard/app.py", line 975, in <module>
    target_date = dep_dt - timedelta(days=d)
                  ^^^^^^
NameError: name 'dep_dt' is not defined
2026-02-27 12:14:37.657 304 GET / (::1) 1.06ms
2026-02-27 12:14:37.734 304 GET /_stcore/health (::1) 0.68ms
2026-02-27 12:14:37.735 304 GET /_stcore/host-config (::1) 0.56ms
2026-02-27 12:14:37.738 101 GET /_stcore/stream (::1) 0.80ms
2026-02-27 12:14:37.934 Please replace `use_container_width` with `width`.

`use_container_width` will be removed after 2025-12-31.

For `use_container_width=True`, use `width='stretch'`. For `use_container_width=False`, use `width='content'`.
2026-02-27 12:14:37.943 Please replace `use_container_width` with `width`.

`use_container_width` will be removed after 2025-12-31.

For `use_container_width=True`, use `width='stretch'`. For `use_container_width=False`, use `width='content'`.
2026-02-27 12:14:44.428 Please replace `use_container_width` with `width`.

`use_container_width` will be removed after 2025-12-31.

For `use_container_width=True`, use `width='stretch'`. For `use_container_width=False`, use `width='content'`.
2026-02-27 12:14:44.437 Please replace `use_container_width` with `width`.

`use_container_width` will be removed after 2025-12-31.

For `use_container_width=True`, use `width='stretch'`. For `use_container_width=False`, use `width='content'`.
2026-02-27 12:14:48.768 Please replace `use_container_width` with `width`.

`use_container_width` will be removed after 2025-12-31.

For `use_container_width=True`, use `width='stretch'`. For `use_container_width=False`, use `width='content'`.
2026-02-27 12:14:48.770 Please replace `use_container_width` with `width`.

`use_container_width` will be removed after 2025-12-31.

For `use_container_width=True`, use `width='stretch'`. For `use_container_width=False`, use `width='content'`.
2026-02-27 12:14:48.771 Please replace `use_container_width` with `width`.

`use_container_width` will be removed after 2025-12-31.

For `use_container_width=True`, use `width='stretch'`. For `use_container_width=False`, use `width='content'`.
2026-02-27 12:14:48.772 Please replace `use_container_width` with `width`.

`use_container_width` will be removed after 2025-12-31.

For `use_container_width=True`, use `width='stretch'`. For `use_container_width=False`, use `width='content'`.
2026-02-27 12:15:09.873 Please replace `use_container_width` with `width`.

`use_container_width` will be removed after 2025-12-31.

For `use_container_width=True`, use `width='stretch'`. For `use_container_width=False`, use `width='content'`.
2026-02-27 12:15:09.877 Please replace `use_container_width` with `width`.

`use_container_width` will be removed after 2025-12-31.

For `use_container_width=True`, use `width='stretch'`. For `use_container_width=False`, use `width='content'`.
2026-02-27 12:15:09.878 Please replace `use_container_width` with `width`.

`use_container_width` will be removed after 2025-12-31.

For `use_container_width=True`, use `width='stretch'`. For `use_container_width=False`, use `width='content'`.
2026-02-27 12:15:09.878 Please replace `use_container_width` with `width`.

`use_container_width` will be removed after 2025-12-31.

For `use_container_width=True`, use `width='stretch'`. For `use_container_width=False`, use `width='content'`.
2026-02-27 12:19:29.614 304 GET / (::1) 0.56ms
2026-02-27 12:19:29.694 304 GET /_stcore/health (::1) 1.17ms
2026-02-27 12:19:29.695 304 GET /_stcore/host-config (::1) 1.07ms
2026-02-27 12:19:29.698 101 GET /_stcore/stream (::1) 0.76ms
2026-02-27 12:19:29.878 Please replace `use_container_width` with `width`.

`use_container_width` will be removed after 2025-12-31.

For `use_container_width=True`, use `width='stretch'`. For `use_container_width=False`, use `width='content'`.
2026-02-27 12:19:29.887 Please replace `use_container_width` with `width`.

`use_container_width` will be removed after 2025-12-31.

For `use_container_width=True`, use `width='stretch'`. For `use_container_width=False`, use `width='content'`.
2026-02-27 12:19:34.829 Please replace `use_container_width` with `width`.

`use_container_width` will be removed after 2025-12-31.

For `use_container_width=True`, use `width='stretch'`. For `use_container_width=False`, use `width='content'`.
2026-02-27 12:19:34.837 Please replace `use_container_width` with `width`.

`use_container_width` will be removed after 2025-12-31.

For `use_container_width=True`, use `width='stretch'`. For `use_container_width=False`, use `width='content'`.
2026-02-27 12:19:37.607 Please replace `use_container_width` with `width`.

`use_container_width` will be removed after 2025-12-31.

For `use_container_width=True`, use `width='stretch'`. For `use_container_width=False`, use `width='content'`.
2026-02-27 12:19:37.609 Please replace `use_container_width` with `width`.

`use_container_width` will be removed after 2025-12-31.

For `use_container_width=True`, use `width='stretch'`. For `use_container_width=False`, use `width='content'`.
2026-02-27 12:19:37.610 Please replace `use_container_width` with `width`.

`use_container_width` will be removed after 2025-12-31.

For `use_container_width=True`, use `width='stretch'`. For `use_container_width=False`, use `width='content'`.
2026-02-27 12:19:37.611 Please replace `use_container_width` with `width`.

`use_container_width` will be removed after 2025-12-31.

For `use_container_width=True`, use `width='stretch'`. For `use_container_width=False`, use `width='content'`.
2026-02-27 12:19:51.567 Please replace `use_container_width` with `width`.

`use_container_width` will be removed after 2025-12-31.

For `use_container_width=True`, use `width='stretch'`. For `use_container_width=False`, use `width='content'`.
2026-02-27 12:19:51.570 Please replace `use_container_width` with `width`.

`use_container_width` will be removed after 2025-12-31.

For `use_container_width=True`, use `width='stretch'`. For `use_container_width=False`, use `width='content'`.
2026-02-27 12:19:51.571 Please replace `use_container_width` with `width`.

`use_container_width` will be removed after 2025-12-31.

For `use_container_width=True`, use `width='stretch'`. For `use_container_width=False`, use `width='content'`.
2026-02-27 12:19:51.571 Please replace `use_container_width` with `width`.

`use_container_width` will be removed after 2025-12-31.

For `use_container_width=True`, use `width='stretch'`. For `use_container_width=False`, use `width='content'`.
2026-02-27 12:20:37.431 Please replace `use_container_width` with `width`.

`use_container_width` will be removed after 2025-12-31.

For `use_container_width=True`, use `width='stretch'`. For `use_container_width=False`, use `width='content'`.
2026-02-27 12:20:37.434 Please replace `use_container_width` with `width`.

`use_container_width` will be removed after 2025-12-31.

For `use_container_width=True`, use `width='stretch'`. For `use_container_width=False`, use `width='content'`.
2026-02-27 12:20:37.435 Please replace `use_container_width` with `width`.

`use_container_width` will be removed after 2025-12-31.

For `use_container_width=True`, use `width='stretch'`. For `use_container_width=False`, use `width='content'`.
2026-02-27 12:20:37.436 Please replace `use_container_width` with `width`.

`use_container_width` will be removed after 2025-12-31.

For `use_container_width=True`, use `width='stretch'`. For `use_container_width=False`, use `width='content'`.
2026-02-27 13:11:56.409 304 GET / (::1) 0.79ms
2026-02-27 13:11:56.499 304 GET /_stcore/health (::1) 0.66ms
2026-02-27 13:11:56.500 304 GET /_stcore/host-config (::1) 0.70ms
2026-02-27 13:11:56.505 101 GET /_stcore/stream (::1) 1.03ms
2026-02-27 13:11:56.709 Please replace `use_container_width` with `width`.

`use_container_width` will be removed after 2025-12-31.

For `use_container_width=True`, use `width='stretch'`. For `use_container_width=False`, use `width='content'`.
2026-02-27 13:11:56.717 Please replace `use_container_width` with `width`.

`use_container_width` will be removed after 2025-12-31.

For `use_container_width=True`, use `width='stretch'`. For `use_container_width=False`, use `width='content'`.
2026-02-27 13:12:00.168 Please replace `use_container_width` with `width`.

`use_container_width` will be removed after 2025-12-31.

For `use_container_width=True`, use `width='stretch'`. For `use_container_width=False`, use `width='content'`.
2026-02-27 13:12:00.176 Please replace `use_container_width` with `width`.

`use_container_width` will be removed after 2025-12-31.

For `use_container_width=True`, use `width='stretch'`. For `use_container_width=False`, use `width='content'`.
2026-02-27 13:12:01.533 Please replace `use_container_width` with `width`.

`use_container_width` will be removed after 2025-12-31.

For `use_container_width=True`, use `width='stretch'`. For `use_container_width=False`, use `width='content'`.
2026-02-27 13:12:01.537 Please replace `use_container_width` with `width`.

`use_container_width` will be removed after 2025-12-31.

For `use_container_width=True`, use `width='stretch'`. For `use_container_width=False`, use `width='content'`.
2026-02-27 13:12:01.538 Please replace `use_container_width` with `width`.

`use_container_width` will be removed after 2025-12-31.

For `use_container_width=True`, use `width='stretch'`. For `use_container_width=False`, use `width='content'`.
2026-02-27 13:12:01.538 Please replace `use_container_width` with `width`.

`use_container_width` will be removed after 2025-12-31.

For `use_container_width=True`, use `width='stretch'`. For `use_container_width=False`, use `width='content'`.
2026-02-27 13:16:44.499 304 GET / (::1) 0.60ms
2026-02-27 13:16:44.564 304 GET /_stcore/health (::1) 1.11ms
2026-02-27 13:16:44.565 304 GET /_stcore/host-config (::1) 0.53ms
2026-02-27 13:16:44.568 101 GET /_stcore/stream (::1) 0.62ms
2026-02-27 13:16:44.751 Please replace `use_container_width` with `width`.

`use_container_width` will be removed after 2025-12-31.

For `use_container_width=True`, use `width='stretch'`. For `use_container_width=False`, use `width='content'`.
2026-02-27 13:16:44.759 Please replace `use_container_width` with `width`.

`use_container_width` will be removed after 2025-12-31.

For `use_container_width=True`, use `width='stretch'`. For `use_container_width=False`, use `width='content'`.
2026-02-27 13:16:50.099 Please replace `use_container_width` with `width`.

`use_container_width` will be removed after 2025-12-31.

For `use_container_width=True`, use `width='stretch'`. For `use_container_width=False`, use `width='content'`.
2026-02-27 13:16:50.102 Please replace `use_container_width` with `width`.

`use_container_width` will be removed after 2025-12-31.

For `use_container_width=True`, use `width='stretch'`. For `use_container_width=False`, use `width='content'`.
2026-02-27 13:16:50.103 Please replace `use_container_width` with `width`.

`use_container_width` will be removed after 2025-12-31.

For `use_container_width=True`, use `width='stretch'`. For `use_container_width=False`, use `width='content'`.
2026-02-27 13:16:50.103 Please replace `use_container_width` with `width`.

`use_container_width` will be removed after 2025-12-31.

For `use_container_width=True`, use `width='stretch'`. For `use_container_width=False`, use `width='content'`.
2026-02-27 13:16:55.339 Please replace `use_container_width` with `width`.

`use_container_width` will be removed after 2025-12-31.

For `use_container_width=True`, use `width='stretch'`. For `use_container_width=False`, use `width='content'`.
2026-02-27 13:16:55.341 Please replace `use_container_width` with `width`.

`use_container_width` will be removed after 2025-12-31.

For `use_container_width=True`, use `width='stretch'`. For `use_container_width=False`, use `width='content'`.
2026-02-27 13:16:55.342 Please replace `use_container_width` with `width`.

`use_container_width` will be removed after 2025-12-31.

For `use_container_width=True`, use `width='stretch'`. For `use_container_width=False`, use `width='content'`.
2026-02-27 13:16:55.344 Please replace `use_container_width` with `width`.

`use_container_width` will be removed after 2025-12-31.

For `use_container_width=True`, use `width='stretch'`. For `use_container_width=False`, use `width='content'`.
2026-02-27 13:20:41.667 304 GET / (::1) 0.52ms
2026-02-27 13:20:41.753 304 GET /_stcore/health (::1) 0.94ms
2026-02-27 13:20:41.754 304 GET /_stcore/host-config (::1) 1.40ms
2026-02-27 13:20:41.758 101 GET /_stcore/stream (::1) 0.69ms
2026-02-27 13:20:41.952 Please replace `use_container_width` with `width`.

`use_container_width` will be removed after 2025-12-31.

For `use_container_width=True`, use `width='stretch'`. For `use_container_width=False`, use `width='content'`.
2026-02-27 13:20:41.961 Please replace `use_container_width` with `width`.

`use_container_width` will be removed after 2025-12-31.

For `use_container_width=True`, use `width='stretch'`. For `use_container_width=False`, use `width='content'`.
2026-02-27 13:20:44.591 Please replace `use_container_width` with `width`.

`use_container_width` will be removed after 2025-12-31.

For `use_container_width=True`, use `width='stretch'`. For `use_container_width=False`, use `width='content'`.
2026-02-27 13:20:44.598 Please replace `use_container_width` with `width`.

`use_container_width` will be removed after 2025-12-31.

For `use_container_width=True`, use `width='stretch'`. For `use_container_width=False`, use `width='content'`.
2026-02-27 13:20:47.933 Please replace `use_container_width` with `width`.

`use_container_width` will be removed after 2025-12-31.

For `use_container_width=True`, use `width='stretch'`. For `use_container_width=False`, use `width='content'`.
2026-02-27 13:20:47.935 Please replace `use_container_width` with `width`.

`use_container_width` will be removed after 2025-12-31.

For `use_container_width=True`, use `width='stretch'`. For `use_container_width=False`, use `width='content'`.
2026-02-27 13:20:47.936 Please replace `use_container_width` with `width`.

`use_container_width` will be removed after 2025-12-31.

For `use_container_width=True`, use `width='stretch'`. For `use_container_width=False`, use `width='content'`.
2026-02-27 13:20:47.937 Please replace `use_container_width` with `width`.

`use_container_width` will be removed after 2025-12-31.

For `use_container_width=True`, use `width='stretch'`. For `use_container_width=False`, use `width='content'`.
2026-02-27 13:27:13.791 304 GET / (::1) 0.49ms
2026-02-27 13:27:13.873 304 GET /_stcore/health (::1) 1.04ms
2026-02-27 13:27:13.874 304 GET /_stcore/host-config (::1) 0.93ms
2026-02-27 13:27:13.877 101 GET /_stcore/stream (::1) 0.62ms
2026-02-27 13:27:14.066 Please replace `use_container_width` with `width`.

`use_container_width` will be removed after 2025-12-31.

For `use_container_width=True`, use `width='stretch'`. For `use_container_width=False`, use `width='content'`.
2026-02-27 13:27:14.074 Please replace `use_container_width` with `width`.

`use_container_width` will be removed after 2025-12-31.

For `use_container_width=True`, use `width='stretch'`. For `use_container_width=False`, use `width='content'`.
2026-02-27 13:27:17.961 Please replace `use_container_width` with `width`.

`use_container_width` will be removed after 2025-12-31.

For `use_container_width=True`, use `width='stretch'`. For `use_container_width=False`, use `width='content'`.
2026-02-27 13:27:17.969 Please replace `use_container_width` with `width`.

`use_container_width` will be removed after 2025-12-31.

For `use_container_width=True`, use `width='stretch'`. For `use_container_width=False`, use `width='content'`.
2026-02-27 13:27:20.256 Please replace `use_container_width` with `width`.

`use_container_width` will be removed after 2025-12-31.

For `use_container_width=True`, use `width='stretch'`. For `use_container_width=False`, use `width='content'`.
2026-02-27 13:27:20.258 Please replace `use_container_width` with `width`.

`use_container_width` will be removed after 2025-12-31.

For `use_container_width=True`, use `width='stretch'`. For `use_container_width=False`, use `width='content'`.
2026-02-27 13:27:20.259 Please replace `use_container_width` with `width`.

`use_container_width` will be removed after 2025-12-31.

For `use_container_width=True`, use `width='stretch'`. For `use_container_width=False`, use `width='content'`.
2026-02-27 13:27:20.260 Please replace `use_container_width` with `width`.

`use_container_width` will be removed after 2025-12-31.

For `use_container_width=True`, use `width='stretch'`. For `use_container_width=False`, use `width='content'`.
2026-02-27 13:27:31.351 Please replace `use_container_width` with `width`.

`use_container_width` will be removed after 2025-12-31.

For `use_container_width=True`, use `width='stretch'`. For `use_container_width=False`, use `width='content'`.
2026-02-27 13:27:31.353 Please replace `use_container_width` with `width`.

`use_container_width` will be removed after 2025-12-31.

For `use_container_width=True`, use `width='stretch'`. For `use_container_width=False`, use `width='content'`.
2026-02-27 13:27:31.355 Please replace `use_container_width` with `width`.

`use_container_width` will be removed after 2025-12-31.

For `use_container_width=True`, use `width='stretch'`. For `use_container_width=False`, use `width='content'`.
2026-02-27 13:27:31.356 Please replace `use_container_width` with `width`.

`use_container_width` will be removed after 2025-12-31.

For `use_container_width=True`, use `width='stretch'`. For `use_container_width=False`, use `width='content'`.
2026-02-27 17:00:06.848 304 GET / (::1) 8.76ms
2026-02-27 17:00:06.951 304 GET /_stcore/health (::1) 1.16ms
2026-02-27 17:00:06.952 304 GET /_stcore/host-config (::1) 1.49ms
2026-02-27 17:00:06.958 101 GET /_stcore/stream (::1) 1.25ms
2026-02-27 17:00:07.190 Please replace `use_container_width` with `width`.

`use_container_width` will be removed after 2025-12-31.

For `use_container_width=True`, use `width='stretch'`. For `use_container_width=False`, use `width='content'`.
2026-02-27 17:00:07.199 Please replace `use_container_width` with `width`.

`use_container_width` will be removed after 2025-12-31.

For `use_container_width=True`, use `width='stretch'`. For `use_container_width=False`, use `width='content'`.
2026-02-27 17:00:10.464 Please replace `use_container_width` with `width`.

`use_container_width` will be removed after 2025-12-31.

For `use_container_width=True`, use `width='stretch'`. For `use_container_width=False`, use `width='content'`.
2026-02-27 17:00:10.470 Please replace `use_container_width` with `width`.

`use_container_width` will be removed after 2025-12-31.

For `use_container_width=True`, use `width='stretch'`. For `use_container_width=False`, use `width='content'`.
2026-02-27 17:00:11.920 Please replace `use_container_width` with `width`.

`use_container_width` will be removed after 2025-12-31.

For `use_container_width=True`, use `width='stretch'`. For `use_container_width=False`, use `width='content'`.
2026-02-27 17:00:11.922 Please replace `use_container_width` with `width`.

`use_container_width` will be removed after 2025-12-31.

For `use_container_width=True`, use `width='stretch'`. For `use_container_width=False`, use `width='content'`.
2026-02-27 17:00:11.923 Please replace `use_container_width` with `width`.

`use_container_width` will be removed after 2025-12-31.

For `use_container_width=True`, use `width='stretch'`. For `use_container_width=False`, use `width='content'`.
2026-02-27 17:00:11.924 Please replace `use_container_width` with `width`.

`use_container_width` will be removed after 2025-12-31.

For `use_container_width=True`, use `width='stretch'`. For `use_container_width=False`, use `width='content'`.
2026-02-27 18:30:20.563 304 GET / (::1) 3.66ms
2026-02-27 18:30:20.649 304 GET /_stcore/health (::1) 1.07ms
2026-02-27 18:30:20.650 304 GET /_stcore/host-config (::1) 1.20ms
2026-02-27 18:30:20.653 101 GET /_stcore/stream (::1) 1.17ms
2026-02-27 18:30:20.916 Please replace `use_container_width` with `width`.

`use_container_width` will be removed after 2025-12-31.

For `use_container_width=True`, use `width='stretch'`. For `use_container_width=False`, use `width='content'`.
2026-02-27 18:30:20.925 Please replace `use_container_width` with `width`.

`use_container_width` will be removed after 2025-12-31.

For `use_container_width=True`, use `width='stretch'`. For `use_container_width=False`, use `width='content'`.
2026-02-27 18:30:26.489 Please replace `use_container_width` with `width`.

`use_container_width` will be removed after 2025-12-31.

For `use_container_width=True`, use `width='stretch'`. For `use_container_width=False`, use `width='content'`.
2026-02-27 18:30:26.498 Please replace `use_container_width` with `width`.

`use_container_width` will be removed after 2025-12-31.

For `use_container_width=True`, use `width='stretch'`. For `use_container_width=False`, use `width='content'`.
2026-02-27 18:30:28.362 Please replace `use_container_width` with `width`.

`use_container_width` will be removed after 2025-12-31.

For `use_container_width=True`, use `width='stretch'`. For `use_container_width=False`, use `width='content'`.
2026-02-27 18:30:28.365 Please replace `use_container_width` with `width`.

`use_container_width` will be removed after 2025-12-31.

For `use_container_width=True`, use `width='stretch'`. For `use_container_width=False`, use `width='content'`.
2026-02-27 18:30:28.366 Please replace `use_container_width` with `width`.

`use_container_width` will be removed after 2025-12-31.

For `use_container_width=True`, use `width='stretch'`. For `use_container_width=False`, use `width='content'`.
2026-02-27 18:30:28.366 Please replace `use_container_width` with `width`.

`use_container_width` will be removed after 2025-12-31.

For `use_container_width=True`, use `width='stretch'`. For `use_container_width=False`, use `width='content'`.
2026-02-27 18:30:32.837 Please replace `use_container_width` with `width`.

`use_container_width` will be removed after 2025-12-31.

For `use_container_width=True`, use `width='stretch'`. For `use_container_width=False`, use `width='content'`.
2026-02-27 18:30:32.839 Please replace `use_container_width` with `width`.

`use_container_width` will be removed after 2025-12-31.

For `use_container_width=True`, use `width='stretch'`. For `use_container_width=False`, use `width='content'`.
2026-02-27 18:30:32.840 Please replace `use_container_width` with `width`.

`use_container_width` will be removed after 2025-12-31.

For `use_container_width=True`, use `width='stretch'`. For `use_container_width=False`, use `width='content'`.
2026-02-27 18:30:32.841 Please replace `use_container_width` with `width`.

`use_container_width` will be removed after 2025-12-31.

For `use_container_width=True`, use `width='stretch'`. For `use_container_width=False`, use `width='content'`.
2026-02-27 18:30:34.658 Please replace `use_container_width` with `width`.

`use_container_width` will be removed after 2025-12-31.

For `use_container_width=True`, use `width='stretch'`. For `use_container_width=False`, use `width='content'`.
2026-02-27 18:30:34.660 Please replace `use_container_width` with `width`.

`use_container_width` will be removed after 2025-12-31.

For `use_container_width=True`, use `width='stretch'`. For `use_container_width=False`, use `width='content'`.
2026-02-27 18:30:34.661 Please replace `use_container_width` with `width`.

`use_container_width` will be removed after 2025-12-31.

For `use_container_width=True`, use `width='stretch'`. For `use_container_width=False`, use `width='content'`.
2026-02-27 18:30:34.662 Please replace `use_container_width` with `width`.

`use_container_width` will be removed after 2025-12-31.

For `use_container_width=True`, use `width='stretch'`. For `use_container_width=False`, use `width='content'`.
2026-02-27 18:32:55.486 Please replace `use_container_width` with `width`.

`use_container_width` will be removed after 2025-12-31.

For `use_container_width=True`, use `width='stretch'`. For `use_container_width=False`, use `width='content'`.
2026-02-27 18:32:55.489 Please replace `use_container_width` with `width`.

`use_container_width` will be removed after 2025-12-31.

For `use_container_width=True`, use `width='stretch'`. For `use_container_width=False`, use `width='content'`.
2026-02-27 18:32:55.490 Please replace `use_container_width` with `width`.

`use_container_width` will be removed after 2025-12-31.

For `use_container_width=True`, use `width='stretch'`. For `use_container_width=False`, use `width='content'`.
2026-02-27 18:32:55.491 Please replace `use_container_width` with `width`.

`use_container_width` will be removed after 2025-12-31.

For `use_container_width=True`, use `width='stretch'`. For `use_container_width=False`, use `width='content'`.
2026-02-27 19:36:44.059 304 GET / (::1) 2.06ms
2026-02-27 19:36:44.189 304 GET /_stcore/host-config (::1) 0.90ms
2026-02-27 19:36:44.191 304 GET /_stcore/health (::1) 0.92ms
2026-02-27 19:36:44.194 101 GET /_stcore/stream (::1) 1.17ms
2026-02-27 19:36:44.445 Please replace `use_container_width` with `width`.

`use_container_width` will be removed after 2025-12-31.

For `use_container_width=True`, use `width='stretch'`. For `use_container_width=False`, use `width='content'`.
2026-02-27 19:36:44.454 Please replace `use_container_width` with `width`.

`use_container_width` will be removed after 2025-12-31.

For `use_container_width=True`, use `width='stretch'`. For `use_container_width=False`, use `width='content'`.
2026-02-27 19:36:50.442 Please replace `use_container_width` with `width`.

`use_container_width` will be removed after 2025-12-31.

For `use_container_width=True`, use `width='stretch'`. For `use_container_width=False`, use `width='content'`.
2026-02-27 19:36:50.449 Please replace `use_container_width` with `width`.

`use_container_width` will be removed after 2025-12-31.

For `use_container_width=True`, use `width='stretch'`. For `use_container_width=False`, use `width='content'`.
2026-02-27 19:36:52.714 Please replace `use_container_width` with `width`.

`use_container_width` will be removed after 2025-12-31.

For `use_container_width=True`, use `width='stretch'`. For `use_container_width=False`, use `width='content'`.
2026-02-27 19:36:52.716 Please replace `use_container_width` with `width`.

`use_container_width` will be removed after 2025-12-31.

For `use_container_width=True`, use `width='stretch'`. For `use_container_width=False`, use `width='content'`.
2026-02-27 19:36:52.718 Please replace `use_container_width` with `width`.

`use_container_width` will be removed after 2025-12-31.

For `use_container_width=True`, use `width='stretch'`. For `use_container_width=False`, use `width='content'`.
2026-02-27 19:36:52.719 Please replace `use_container_width` with `width`.

`use_container_width` will be removed after 2025-12-31.

For `use_container_width=True`, use `width='stretch'`. For `use_container_width=False`, use `width='content'`.
2026-02-27 19:37:04.465 Please replace `use_container_width` with `width`.

`use_container_width` will be removed after 2025-12-31.

For `use_container_width=True`, use `width='stretch'`. For `use_container_width=False`, use `width='content'`.
2026-02-27 19:37:04.468 Please replace `use_container_width` with `width`.

`use_container_width` will be removed after 2025-12-31.

For `use_container_width=True`, use `width='stretch'`. For `use_container_width=False`, use `width='content'`.
2026-02-27 19:37:04.469 Please replace `use_container_width` with `width`.

`use_container_width` will be removed after 2025-12-31.

For `use_container_width=True`, use `width='stretch'`. For `use_container_width=False`, use `width='content'`.
2026-02-27 19:37:04.469 Please replace `use_container_width` with `width`.

`use_container_width` will be removed after 2025-12-31.

For `use_container_width=True`, use `width='stretch'`. For `use_container_width=False`, use `width='content'`.
2026-02-27 19:48:32.287 304 GET / (::1) 4.37ms
2026-02-27 19:48:32.417 304 GET /_stcore/health (::1) 0.89ms
2026-02-27 19:48:32.418 304 GET /_stcore/host-config (::1) 0.94ms
2026-02-27 19:48:32.425 101 GET /_stcore/stream (::1) 5.29ms
2026-02-27 19:48:32.684 Please replace `use_container_width` with `width`.

`use_container_width` will be removed after 2025-12-31.

For `use_container_width=True`, use `width='stretch'`. For `use_container_width=False`, use `width='content'`.
2026-02-27 19:48:32.698 Please replace `use_container_width` with `width`.

`use_container_width` will be removed after 2025-12-31.

For `use_container_width=True`, use `width='stretch'`. For `use_container_width=False`, use `width='content'`.
2026-02-27 19:48:37.269 Please replace `use_container_width` with `width`.

`use_container_width` will be removed after 2025-12-31.

For `use_container_width=True`, use `width='stretch'`. For `use_container_width=False`, use `width='content'`.
2026-02-27 19:48:37.276 Please replace `use_container_width` with `width`.

`use_container_width` will be removed after 2025-12-31.

For `use_container_width=True`, use `width='stretch'`. For `use_container_width=False`, use `width='content'`.
2026-02-27 19:48:39.555 Please replace `use_container_width` with `width`.

`use_container_width` will be removed after 2025-12-31.

For `use_container_width=True`, use `width='stretch'`. For `use_container_width=False`, use `width='content'`.
2026-02-27 19:48:39.558 Please replace `use_container_width` with `width`.

`use_container_width` will be removed after 2025-12-31.

For `use_container_width=True`, use `width='stretch'`. For `use_container_width=False`, use `width='content'`.
2026-02-27 19:48:39.559 Please replace `use_container_width` with `width`.

`use_container_width` will be removed after 2025-12-31.

For `use_container_width=True`, use `width='stretch'`. For `use_container_width=False`, use `width='content'`.
2026-02-27 19:48:39.559 Please replace `use_container_width` with `width`.

`use_container_width` will be removed after 2025-12-31.

For `use_container_width=True`, use `width='stretch'`. For `use_container_width=False`, use `width='content'`.
2026-02-27 19:48:54.741 Please replace `use_container_width` with `width`.

`use_container_width` will be removed after 2025-12-31.

For `use_container_width=True`, use `width='stretch'`. For `use_container_width=False`, use `width='content'`.
2026-02-27 19:48:54.745 Please replace `use_container_width` with `width`.

`use_container_width` will be removed after 2025-12-31.

For `use_container_width=True`, use `width='stretch'`. For `use_container_width=False`, use `width='content'`.
2026-02-27 19:48:54.745 Please replace `use_container_width` with `width`.

`use_container_width` will be removed after 2025-12-31.

For `use_container_width=True`, use `width='stretch'`. For `use_container_width=False`, use `width='content'`.
2026-02-27 19:48:54.746 Please replace `use_container_width` with `width`.

`use_container_width` will be removed after 2025-12-31.

For `use_container_width=True`, use `width='stretch'`. For `use_container_width=False`, use `width='content'`.
2026-02-27 19:49:22.979 Please replace `use_container_width` with `width`.

`use_container_width` will be removed after 2025-12-31.

For `use_container_width=True`, use `width='stretch'`. For `use_container_width=False`, use `width='content'`.
2026-02-27 19:49:22.982 Please replace `use_container_width` with `width`.

`use_container_width` will be removed after 2025-12-31.

For `use_container_width=True`, use `width='stretch'`. For `use_container_width=False`, use `width='content'`.
2026-02-27 19:49:22.983 Please replace `use_container_width` with `width`.

`use_container_width` will be removed after 2025-12-31.

For `use_container_width=True`, use `width='stretch'`. For `use_container_width=False`, use `width='content'`.
2026-02-27 19:49:22.983 Please replace `use_container_width` with `width`.

`use_container_width` will be removed after 2025-12-31.

For `use_container_width=True`, use `width='stretch'`. For `use_container_width=False`, use `width='content'`.
2026-02-27 19:51:13.934 Please replace `use_container_width` with `width`.

`use_container_width` will be removed after 2025-12-31.

For `use_container_width=True`, use `width='stretch'`. For `use_container_width=False`, use `width='content'`.
2026-02-27 19:51:13.938 Please replace `use_container_width` with `width`.

`use_container_width` will be removed after 2025-12-31.

For `use_container_width=True`, use `width='stretch'`. For `use_container_width=False`, use `width='content'`.
2026-02-27 19:51:13.939 Please replace `use_container_width` with `width`.

`use_container_width` will be removed after 2025-12-31.

For `use_container_width=True`, use `width='stretch'`. For `use_container_width=False`, use `width='content'`.
2026-02-27 19:51:13.940 Please replace `use_container_width` with `width`.

`use_container_width` will be removed after 2025-12-31.

For `use_container_width=True`, use `width='stretch'`. For `use_container_width=False`, use `width='content'`.
2026-02-27 19:56:32.148 304 GET / (::1) 1.73ms
2026-02-27 19:56:32.275 304 GET /_stcore/health (::1) 0.92ms
2026-02-27 19:56:32.276 304 GET /_stcore/host-config (::1) 0.68ms
2026-02-27 19:56:32.279 101 GET /_stcore/stream (::1) 1.07ms
2026-02-27 19:56:32.463 Please replace `use_container_width` with `width`.

`use_container_width` will be removed after 2025-12-31.

For `use_container_width=True`, use `width='stretch'`. For `use_container_width=False`, use `width='content'`.
2026-02-27 19:56:32.472 Please replace `use_container_width` with `width`.

`use_container_width` will be removed after 2025-12-31.

For `use_container_width=True`, use `width='stretch'`. For `use_container_width=False`, use `width='content'`.
2026-02-27 19:56:37.752 Please replace `use_container_width` with `width`.

`use_container_width` will be removed after 2025-12-31.

For `use_container_width=True`, use `width='stretch'`. For `use_container_width=False`, use `width='content'`.
2026-02-27 19:56:37.760 Please replace `use_container_width` with `width`.

`use_container_width` will be removed after 2025-12-31.

For `use_container_width=True`, use `width='stretch'`. For `use_container_width=False`, use `width='content'`.
2026-02-27 19:56:39.484 Please replace `use_container_width` with `width`.

`use_container_width` will be removed after 2025-12-31.

For `use_container_width=True`, use `width='stretch'`. For `use_container_width=False`, use `width='content'`.
2026-02-27 19:56:39.488 Please replace `use_container_width` with `width`.

`use_container_width` will be removed after 2025-12-31.

For `use_container_width=True`, use `width='stretch'`. For `use_container_width=False`, use `width='content'`.
2026-02-27 19:56:39.489 Please replace `use_container_width` with `width`.

`use_container_width` will be removed after 2025-12-31.

For `use_container_width=True`, use `width='stretch'`. For `use_container_width=False`, use `width='content'`.
2026-02-27 19:56:39.490 Please replace `use_container_width` with `width`.

`use_container_width` will be removed after 2025-12-31.

For `use_container_width=True`, use `width='stretch'`. For `use_container_width=False`, use `width='content'`.
2026-02-27 19:57:13.845 Please replace `use_container_width` with `width`.

`use_container_width` will be removed after 2025-12-31.

For `use_container_width=True`, use `width='stretch'`. For `use_container_width=False`, use `width='content'`.
2026-02-27 19:57:13.848 Please replace `use_container_width` with `width`.

`use_container_width` will be removed after 2025-12-31.

For `use_container_width=True`, use `width='stretch'`. For `use_container_width=False`, use `width='content'`.
2026-02-27 19:57:13.851 Please replace `use_container_width` with `width`.

`use_container_width` will be removed after 2025-12-31.

For `use_container_width=True`, use `width='stretch'`. For `use_container_width=False`, use `width='content'`.
2026-02-27 19:57:13.851 Please replace `use_container_width` with `width`.

`use_container_width` will be removed after 2025-12-31.

For `use_container_width=True`, use `width='stretch'`. For `use_container_width=False`, use `width='content'`.
2026-02-27 19:57:16.884 Please replace `use_container_width` with `width`.

`use_container_width` will be removed after 2025-12-31.

For `use_container_width=True`, use `width='stretch'`. For `use_container_width=False`, use `width='content'`.
2026-02-27 19:57:16.886 Please replace `use_container_width` with `width`.

`use_container_width` will be removed after 2025-12-31.

For `use_container_width=True`, use `width='stretch'`. For `use_container_width=False`, use `width='content'`.
2026-02-27 19:57:16.887 Please replace `use_container_width` with `width`.

`use_container_width` will be removed after 2025-12-31.

For `use_container_width=True`, use `width='stretch'`. For `use_container_width=False`, use `width='content'`.
2026-02-27 19:57:16.888 Please replace `use_container_width` with `width`.

`use_container_width` will be removed after 2025-12-31.

For `use_container_width=True`, use `width='stretch'`. For `use_container_width=False`, use `width='content'`.
2026-02-27 19:57:25.402 Please replace `use_container_width` with `width`.

`use_container_width` will be removed after 2025-12-31.

For `use_container_width=True`, use `width='stretch'`. For `use_container_width=False`, use `width='content'`.
2026-02-27 19:57:25.405 Please replace `use_container_width` with `width`.

`use_container_width` will be removed after 2025-12-31.

For `use_container_width=True`, use `width='stretch'`. For `use_container_width=False`, use `width='content'`.
2026-02-27 19:57:25.405 Please replace `use_container_width` with `width`.

`use_container_width` will be removed after 2025-12-31.

For `use_container_width=True`, use `width='stretch'`. For `use_container_width=False`, use `width='content'`.
2026-02-27 19:57:25.406 Please replace `use_container_width` with `width`.

`use_container_width` will be removed after 2025-12-31.

For `use_container_width=True`, use `width='stretch'`. For `use_container_width=False`, use `width='content'`.
2026-02-27 20:40:53.775 304 GET / (::1) 2.05ms
2026-02-27 20:40:53.895 304 GET /_stcore/health (::1) 0.93ms
2026-02-27 20:40:53.896 304 GET /_stcore/host-config (::1) 0.62ms
2026-02-27 20:40:53.910 101 GET /_stcore/stream (::1) 1.77ms
2026-02-27 20:40:54.098 Please replace `use_container_width` with `width`.

`use_container_width` will be removed after 2025-12-31.

For `use_container_width=True`, use `width='stretch'`. For `use_container_width=False`, use `width='content'`.
2026-02-27 20:40:54.114 Please replace `use_container_width` with `width`.

`use_container_width` will be removed after 2025-12-31.

For `use_container_width=True`, use `width='stretch'`. For `use_container_width=False`, use `width='content'`.
2026-02-27 20:40:57.686 Please replace `use_container_width` with `width`.

`use_container_width` will be removed after 2025-12-31.

For `use_container_width=True`, use `width='stretch'`. For `use_container_width=False`, use `width='content'`.
2026-02-27 20:40:57.692 Please replace `use_container_width` with `width`.

`use_container_width` will be removed after 2025-12-31.

For `use_container_width=True`, use `width='stretch'`. For `use_container_width=False`, use `width='content'`.
2026-02-27 20:40:59.317 Please replace `use_container_width` with `width`.

`use_container_width` will be removed after 2025-12-31.

For `use_container_width=True`, use `width='stretch'`. For `use_container_width=False`, use `width='content'`.
2026-02-27 20:40:59.320 Please replace `use_container_width` with `width`.

`use_container_width` will be removed after 2025-12-31.

For `use_container_width=True`, use `width='stretch'`. For `use_container_width=False`, use `width='content'`.
2026-02-27 20:40:59.321 Please replace `use_container_width` with `width`.

`use_container_width` will be removed after 2025-12-31.

For `use_container_width=True`, use `width='stretch'`. For `use_container_width=False`, use `width='content'`.
2026-02-27 20:40:59.321 Please replace `use_container_width` with `width`.

`use_container_width` will be removed after 2025-12-31.

For `use_container_width=True`, use `width='stretch'`. For `use_container_width=False`, use `width='content'`.
2026-02-27 20:41:21.931 Please replace `use_container_width` with `width`.

`use_container_width` will be removed after 2025-12-31.

For `use_container_width=True`, use `width='stretch'`. For `use_container_width=False`, use `width='content'`.
2026-02-27 20:41:21.936 Please replace `use_container_width` with `width`.

`use_container_width` will be removed after 2025-12-31.

For `use_container_width=True`, use `width='stretch'`. For `use_container_width=False`, use `width='content'`.
2026-02-27 20:41:21.937 Please replace `use_container_width` with `width`.

`use_container_width` will be removed after 2025-12-31.

For `use_container_width=True`, use `width='stretch'`. For `use_container_width=False`, use `width='content'`.
2026-02-27 20:41:21.938 Please replace `use_container_width` with `width`.

`use_container_width` will be removed after 2025-12-31.

For `use_container_width=True`, use `width='stretch'`. For `use_container_width=False`, use `width='content'`.
2026-02-27 20:41:23.911 Please replace `use_container_width` with `width`.

`use_container_width` will be removed after 2025-12-31.

For `use_container_width=True`, use `width='stretch'`. For `use_container_width=False`, use `width='content'`.
2026-02-27 20:41:23.913 Please replace `use_container_width` with `width`.

`use_container_width` will be removed after 2025-12-31.

For `use_container_width=True`, use `width='stretch'`. For `use_container_width=False`, use `width='content'`.
2026-02-27 20:41:23.914 Please replace `use_container_width` with `width`.

`use_container_width` will be removed after 2025-12-31.

For `use_container_width=True`, use `width='stretch'`. For `use_container_width=False`, use `width='content'`.
2026-02-27 20:41:23.915 Please replace `use_container_width` with `width`.

`use_container_width` will be removed after 2025-12-31.

For `use_container_width=True`, use `width='stretch'`. For `use_container_width=False`, use `width='content'`.
2026-02-27 20:41:26.091 Please replace `use_container_width` with `width`.

`use_container_width` will be removed after 2025-12-31.

For `use_container_width=True`, use `width='stretch'`. For `use_container_width=False`, use `width='content'`.
2026-02-27 20:41:26.094 Please replace `use_container_width` with `width`.

`use_container_width` will be removed after 2025-12-31.

For `use_container_width=True`, use `width='stretch'`. For `use_container_width=False`, use `width='content'`.
2026-02-27 20:41:26.094 Please replace `use_container_width` with `width`.

`use_container_width` will be removed after 2025-12-31.

For `use_container_width=True`, use `width='stretch'`. For `use_container_width=False`, use `width='content'`.
2026-02-27 20:41:26.095 Please replace `use_container_width` with `width`.

`use_container_width` will be removed after 2025-12-31.

For `use_container_width=True`, use `width='stretch'`. For `use_container_width=False`, use `width='content'`.
2026-02-27 20:41:32.543 Please replace `use_container_width` with `width`.

`use_container_width` will be removed after 2025-12-31.

For `use_container_width=True`, use `width='stretch'`. For `use_container_width=False`, use `width='content'`.
2026-02-27 20:41:32.545 Please replace `use_container_width` with `width`.

`use_container_width` will be removed after 2025-12-31.

For `use_container_width=True`, use `width='stretch'`. For `use_container_width=False`, use `width='content'`.
2026-02-27 20:41:32.546 Please replace `use_container_width` with `width`.

`use_container_width` will be removed after 2025-12-31.

For `use_container_width=True`, use `width='stretch'`. For `use_container_width=False`, use `width='content'`.
2026-02-27 20:41:32.547 Please replace `use_container_width` with `width`.

`use_container_width` will be removed after 2025-12-31.

For `use_container_width=True`, use `width='stretch'`. For `use_container_width=False`, use `width='content'`.
2026-02-27 20:41:34.021 Please replace `use_container_width` with `width`.

`use_container_width` will be removed after 2025-12-31.

For `use_container_width=True`, use `width='stretch'`. For `use_container_width=False`, use `width='content'`.
2026-02-27 20:41:34.023 Please replace `use_container_width` with `width`.

`use_container_width` will be removed after 2025-12-31.

For `use_container_width=True`, use `width='stretch'`. For `use_container_width=False`, use `width='content'`.
2026-02-27 20:41:34.024 Please replace `use_container_width` with `width`.

`use_container_width` will be removed after 2025-12-31.

For `use_container_width=True`, use `width='stretch'`. For `use_container_width=False`, use `width='content'`.
2026-02-27 20:41:34.025 Please replace `use_container_width` with `width`.

`use_container_width` will be removed after 2025-12-31.

For `use_container_width=True`, use `width='stretch'`. For `use_container_width=False`, use `width='content'`.
2026-02-27 20:55:55.807 304 GET / (::1) 2.26ms
2026-02-27 20:55:55.921 304 GET /_stcore/host-config (::1) 1.59ms
2026-02-27 20:55:55.923 304 GET /_stcore/health (::1) 1.06ms
2026-02-27 20:55:55.927 101 GET /_stcore/stream (::1) 2.10ms
2026-02-27 20:55:56.111 Please replace `use_container_width` with `width`.

`use_container_width` will be removed after 2025-12-31.

For `use_container_width=True`, use `width='stretch'`. For `use_container_width=False`, use `width='content'`.
2026-02-27 20:55:56.119 Please replace `use_container_width` with `width`.

`use_container_width` will be removed after 2025-12-31.

For `use_container_width=True`, use `width='stretch'`. For `use_container_width=False`, use `width='content'`.
2026-02-27 20:55:59.195 Please replace `use_container_width` with `width`.

`use_container_width` will be removed after 2025-12-31.

For `use_container_width=True`, use `width='stretch'`. For `use_container_width=False`, use `width='content'`.
2026-02-27 20:55:59.203 Please replace `use_container_width` with `width`.

`use_container_width` will be removed after 2025-12-31.

For `use_container_width=True`, use `width='stretch'`. For `use_container_width=False`, use `width='content'`.
2026-02-27 20:56:00.780 Please replace `use_container_width` with `width`.

`use_container_width` will be removed after 2025-12-31.

For `use_container_width=True`, use `width='stretch'`. For `use_container_width=False`, use `width='content'`.
2026-02-27 20:56:00.783 Please replace `use_container_width` with `width`.

`use_container_width` will be removed after 2025-12-31.

For `use_container_width=True`, use `width='stretch'`. For `use_container_width=False`, use `width='content'`.
2026-02-27 20:56:00.784 Please replace `use_container_width` with `width`.

`use_container_width` will be removed after 2025-12-31.

For `use_container_width=True`, use `width='stretch'`. For `use_container_width=False`, use `width='content'`.
2026-02-27 20:56:00.784 Please replace `use_container_width` with `width`.

`use_container_width` will be removed after 2025-12-31.

For `use_container_width=True`, use `width='stretch'`. For `use_container_width=False`, use `width='content'`.
2026-02-27 21:09:59.954 304 GET / (::1) 2.64ms
2026-02-27 21:10:00.077 304 GET /_stcore/health (::1) 1.24ms
2026-02-27 21:10:00.078 304 GET /_stcore/host-config (::1) 0.85ms
2026-02-27 21:10:00.081 101 GET /_stcore/stream (::1) 1.13ms
2026-02-27 21:10:00.278 Please replace `use_container_width` with `width`.

`use_container_width` will be removed after 2025-12-31.

For `use_container_width=True`, use `width='stretch'`. For `use_container_width=False`, use `width='content'`.
2026-02-27 21:10:00.288 Please replace `use_container_width` with `width`.

`use_container_width` will be removed after 2025-12-31.

For `use_container_width=True`, use `width='stretch'`. For `use_container_width=False`, use `width='content'`.
2026-02-27 21:10:03.382 Please replace `use_container_width` with `width`.

`use_container_width` will be removed after 2025-12-31.

For `use_container_width=True`, use `width='stretch'`. For `use_container_width=False`, use `width='content'`.
2026-02-27 21:10:03.389 Please replace `use_container_width` with `width`.

`use_container_width` will be removed after 2025-12-31.

For `use_container_width=True`, use `width='stretch'`. For `use_container_width=False`, use `width='content'`.
2026-02-27 21:10:05.089 Please replace `use_container_width` with `width`.

`use_container_width` will be removed after 2025-12-31.

For `use_container_width=True`, use `width='stretch'`. For `use_container_width=False`, use `width='content'`.
2026-02-27 21:10:05.091 Please replace `use_container_width` with `width`.

`use_container_width` will be removed after 2025-12-31.

For `use_container_width=True`, use `width='stretch'`. For `use_container_width=False`, use `width='content'`.
2026-02-27 21:10:05.092 Please replace `use_container_width` with `width`.

`use_container_width` will be removed after 2025-12-31.

For `use_container_width=True`, use `width='stretch'`. For `use_container_width=False`, use `width='content'`.
2026-02-27 21:10:05.093 Please replace `use_container_width` with `width`.

`use_container_width` will be removed after 2025-12-31.

For `use_container_width=True`, use `width='stretch'`. For `use_container_width=False`, use `width='content'`.
2026-02-27 21:19:32.476 304 GET / (::1) 2.37ms
2026-02-27 21:19:32.606 304 GET /_stcore/host-config (::1) 1.44ms
2026-02-27 21:19:32.606 304 GET /_stcore/health (::1) 1.60ms
2026-02-27 21:19:32.611 101 GET /_stcore/stream (::1) 1.03ms
2026-02-27 21:19:32.808 Please replace `use_container_width` with `width`.

`use_container_width` will be removed after 2025-12-31.

For `use_container_width=True`, use `width='stretch'`. For `use_container_width=False`, use `width='content'`.
2026-02-27 21:19:32.816 Please replace `use_container_width` with `width`.

`use_container_width` will be removed after 2025-12-31.

For `use_container_width=True`, use `width='stretch'`. For `use_container_width=False`, use `width='content'`.
2026-02-27 21:19:35.687 Please replace `use_container_width` with `width`.

`use_container_width` will be removed after 2025-12-31.

For `use_container_width=True`, use `width='stretch'`. For `use_container_width=False`, use `width='content'`.
2026-02-27 21:19:35.694 Please replace `use_container_width` with `width`.

`use_container_width` will be removed after 2025-12-31.

For `use_container_width=True`, use `width='stretch'`. For `use_container_width=False`, use `width='content'`.
2026-02-27 21:19:37.360 Please replace `use_container_width` with `width`.

`use_container_width` will be removed after 2025-12-31.

For `use_container_width=True`, use `width='stretch'`. For `use_container_width=False`, use `width='content'`.
2026-02-27 21:19:37.363 Please replace `use_container_width` with `width`.

`use_container_width` will be removed after 2025-12-31.

For `use_container_width=True`, use `width='stretch'`. For `use_container_width=False`, use `width='content'`.
2026-02-27 21:19:37.364 Please replace `use_container_width` with `width`.

`use_container_width` will be removed after 2025-12-31.

For `use_container_width=True`, use `width='stretch'`. For `use_container_width=False`, use `width='content'`.
2026-02-27 21:19:37.365 Please replace `use_container_width` with `width`.

`use_container_width` will be removed after 2025-12-31.

For `use_container_width=True`, use `width='stretch'`. For `use_container_width=False`, use `width='content'`.
2026-02-27 21:19:53.450 Please replace `use_container_width` with `width`.

`use_container_width` will be removed after 2025-12-31.

For `use_container_width=True`, use `width='stretch'`. For `use_container_width=False`, use `width='content'`.
2026-02-27 21:19:53.453 Please replace `use_container_width` with `width`.

`use_container_width` will be removed after 2025-12-31.

For `use_container_width=True`, use `width='stretch'`. For `use_container_width=False`, use `width='content'`.
2026-02-27 21:19:53.453 Please replace `use_container_width` with `width`.

`use_container_width` will be removed after 2025-12-31.

For `use_container_width=True`, use `width='stretch'`. For `use_container_width=False`, use `width='content'`.
2026-02-27 21:19:53.454 Please replace `use_container_width` with `width`.

`use_container_width` will be removed after 2025-12-31.

For `use_container_width=True`, use `width='stretch'`. For `use_container_width=False`, use `width='content'`.
2026-02-27 21:19:55.407 Please replace `use_container_width` with `width`.

`use_container_width` will be removed after 2025-12-31.

For `use_container_width=True`, use `width='stretch'`. For `use_container_width=False`, use `width='content'`.
2026-02-27 21:19:55.409 Please replace `use_container_width` with `width`.

`use_container_width` will be removed after 2025-12-31.

For `use_container_width=True`, use `width='stretch'`. For `use_container_width=False`, use `width='content'`.
2026-02-27 21:19:55.410 Please replace `use_container_width` with `width`.

`use_container_width` will be removed after 2025-12-31.

For `use_container_width=True`, use `width='stretch'`. For `use_container_width=False`, use `width='content'`.
2026-02-27 21:19:55.410 Please replace `use_container_width` with `width`.

`use_container_width` will be removed after 2025-12-31.

For `use_container_width=True`, use `width='stretch'`. For `use_container_width=False`, use `width='content'`.
2026-02-27 21:20:04.065 Please replace `use_container_width` with `width`.

`use_container_width` will be removed after 2025-12-31.

For `use_container_width=True`, use `width='stretch'`. For `use_container_width=False`, use `width='content'`.
2026-02-27 21:20:04.067 Please replace `use_container_width` with `width`.

`use_container_width` will be removed after 2025-12-31.

For `use_container_width=True`, use `width='stretch'`. For `use_container_width=False`, use `width='content'`.
2026-02-27 21:20:04.068 Please replace `use_container_width` with `width`.

`use_container_width` will be removed after 2025-12-31.

For `use_container_width=True`, use `width='stretch'`. For `use_container_width=False`, use `width='content'`.
2026-02-27 21:20:04.068 Please replace `use_container_width` with `width`.

`use_container_width` will be removed after 2025-12-31.

For `use_container_width=True`, use `width='stretch'`. For `use_container_width=False`, use `width='content'`.
2026-02-27 21:20:06.851 Please replace `use_container_width` with `width`.

`use_container_width` will be removed after 2025-12-31.

For `use_container_width=True`, use `width='stretch'`. For `use_container_width=False`, use `width='content'`.
2026-02-27 21:20:06.853 Please replace `use_container_width` with `width`.

`use_container_width` will be removed after 2025-12-31.

For `use_container_width=True`, use `width='stretch'`. For `use_container_width=False`, use `width='content'`.
2026-02-27 21:20:06.854 Please replace `use_container_width` with `width`.

`use_container_width` will be removed after 2025-12-31.

For `use_container_width=True`, use `width='stretch'`. For `use_container_width=False`, use `width='content'`.
2026-02-27 21:20:06.855 Please replace `use_container_width` with `width`.

`use_container_width` will be removed after 2025-12-31.

For `use_container_width=True`, use `width='stretch'`. For `use_container_width=False`, use `width='content'`.
2026-02-27 21:20:08.090 Please replace `use_container_width` with `width`.

`use_container_width` will be removed after 2025-12-31.

For `use_container_width=True`, use `width='stretch'`. For `use_container_width=False`, use `width='content'`.
2026-02-27 21:20:08.092 Please replace `use_container_width` with `width`.

`use_container_width` will be removed after 2025-12-31.

For `use_container_width=True`, use `width='stretch'`. For `use_container_width=False`, use `width='content'`.
2026-02-27 21:20:08.094 Please replace `use_container_width` with `width`.

`use_container_width` will be removed after 2025-12-31.

For `use_container_width=True`, use `width='stretch'`. For `use_container_width=False`, use `width='content'`.
2026-02-27 21:20:08.095 Please replace `use_container_width` with `width`.

`use_container_width` will be removed after 2025-12-31.

For `use_container_width=True`, use `width='stretch'`. For `use_container_width=False`, use `width='content'`.
2026-02-27 21:20:10.159 Please replace `use_container_width` with `width`.

`use_container_width` will be removed after 2025-12-31.

For `use_container_width=True`, use `width='stretch'`. For `use_container_width=False`, use `width='content'`.
2026-02-27 21:20:10.161 Please replace `use_container_width` with `width`.

`use_container_width` will be removed after 2025-12-31.

For `use_container_width=True`, use `width='stretch'`. For `use_container_width=False`, use `width='content'`.
2026-02-27 21:20:10.162 Please replace `use_container_width` with `width`.

`use_container_width` will be removed after 2025-12-31.

For `use_container_width=True`, use `width='stretch'`. For `use_container_width=False`, use `width='content'`.
2026-02-27 21:20:10.163 Please replace `use_container_width` with `width`.

`use_container_width` will be removed after 2025-12-31.

For `use_container_width=True`, use `width='stretch'`. For `use_container_width=False`, use `width='content'`.
2026-02-27 21:20:22.885 Please replace `use_container_width` with `width`.

`use_container_width` will be removed after 2025-12-31.

For `use_container_width=True`, use `width='stretch'`. For `use_container_width=False`, use `width='content'`.
2026-02-27 21:20:22.890 Please replace `use_container_width` with `width`.

`use_container_width` will be removed after 2025-12-31.

For `use_container_width=True`, use `width='stretch'`. For `use_container_width=False`, use `width='content'`.
2026-02-27 21:20:22.892 Please replace `use_container_width` with `width`.

`use_container_width` will be removed after 2025-12-31.

For `use_container_width=True`, use `width='stretch'`. For `use_container_width=False`, use `width='content'`.
2026-02-27 21:20:22.893 Please replace `use_container_width` with `width`.

`use_container_width` will be removed after 2025-12-31.

For `use_container_width=True`, use `width='stretch'`. For `use_container_width=False`, use `width='content'`.
2026-02-27 21:20:54.250 Please replace `use_container_width` with `width`.

`use_container_width` will be removed after 2025-12-31.

For `use_container_width=True`, use `width='stretch'`. For `use_container_width=False`, use `width='content'`.
2026-02-27 21:20:54.255 Please replace `use_container_width` with `width`.

`use_container_width` will be removed after 2025-12-31.

For `use_container_width=True`, use `width='stretch'`. For `use_container_width=False`, use `width='content'`.
2026-02-27 21:20:54.256 Please replace `use_container_width` with `width`.

`use_container_width` will be removed after 2025-12-31.

For `use_container_width=True`, use `width='stretch'`. For `use_container_width=False`, use `width='content'`.
2026-02-27 21:20:54.257 Please replace `use_container_width` with `width`.

`use_container_width` will be removed after 2025-12-31.

For `use_container_width=True`, use `width='stretch'`. For `use_container_width=False`, use `width='content'`.
2026-02-27 21:20:59.923 Please replace `use_container_width` with `width`.

`use_container_width` will be removed after 2025-12-31.

For `use_container_width=True`, use `width='stretch'`. For `use_container_width=False`, use `width='content'`.
2026-02-27 21:20:59.925 Please replace `use_container_width` with `width`.

`use_container_width` will be removed after 2025-12-31.

For `use_container_width=True`, use `width='stretch'`. For `use_container_width=False`, use `width='content'`.
2026-02-27 21:20:59.926 Please replace `use_container_width` with `width`.

`use_container_width` will be removed after 2025-12-31.

For `use_container_width=True`, use `width='stretch'`. For `use_container_width=False`, use `width='content'`.
2026-02-27 21:20:59.927 Please replace `use_container_width` with `width`.

`use_container_width` will be removed after 2025-12-31.

For `use_container_width=True`, use `width='stretch'`. For `use_container_width=False`, use `width='content'`.
2026-02-27 21:21:05.496 Please replace `use_container_width` with `width`.

`use_container_width` will be removed after 2025-12-31.

For `use_container_width=True`, use `width='stretch'`. For `use_container_width=False`, use `width='content'`.
2026-02-27 21:21:05.499 Please replace `use_container_width` with `width`.

`use_container_width` will be removed after 2025-12-31.

For `use_container_width=True`, use `width='stretch'`. For `use_container_width=False`, use `width='content'`.
2026-02-27 21:21:05.499 Please replace `use_container_width` with `width`.

`use_container_width` will be removed after 2025-12-31.

For `use_container_width=True`, use `width='stretch'`. For `use_container_width=False`, use `width='content'`.
2026-02-27 21:21:05.500 Please replace `use_container_width` with `width`.

`use_container_width` will be removed after 2025-12-31.

For `use_container_width=True`, use `width='stretch'`. For `use_container_width=False`, use `width='content'`.
2026-02-27 21:21:10.964 Please replace `use_container_width` with `width`.

`use_container_width` will be removed after 2025-12-31.

For `use_container_width=True`, use `width='stretch'`. For `use_container_width=False`, use `width='content'`.
2026-02-27 21:21:10.966 Please replace `use_container_width` with `width`.

`use_container_width` will be removed after 2025-12-31.

For `use_container_width=True`, use `width='stretch'`. For `use_container_width=False`, use `width='content'`.
2026-02-27 21:21:10.967 Please replace `use_container_width` with `width`.

`use_container_width` will be removed after 2025-12-31.

For `use_container_width=True`, use `width='stretch'`. For `use_container_width=False`, use `width='content'`.
2026-02-27 21:21:10.968 Please replace `use_container_width` with `width`.

`use_container_width` will be removed after 2025-12-31.

For `use_container_width=True`, use `width='stretch'`. For `use_container_width=False`, use `width='content'`.
2026-02-27 21:23:23.881 Please replace `use_container_width` with `width`.

`use_container_width` will be removed after 2025-12-31.

For `use_container_width=True`, use `width='stretch'`. For `use_container_width=False`, use `width='content'`.
2026-02-27 21:23:23.891 Please replace `use_container_width` with `width`.

`use_container_width` will be removed after 2025-12-31.

For `use_container_width=True`, use `width='stretch'`. For `use_container_width=False`, use `width='content'`.
2026-02-27 21:23:38.829 Please replace `use_container_width` with `width`.

`use_container_width` will be removed after 2025-12-31.

For `use_container_width=True`, use `width='stretch'`. For `use_container_width=False`, use `width='content'`.
2026-02-27 21:23:38.837 Please replace `use_container_width` with `width`.

`use_container_width` will be removed after 2025-12-31.

For `use_container_width=True`, use `width='stretch'`. For `use_container_width=False`, use `width='content'`.
2026-02-27 21:23:38.845 Please replace `use_container_width` with `width`.

`use_container_width` will be removed after 2025-12-31.

For `use_container_width=True`, use `width='stretch'`. For `use_container_width=False`, use `width='content'`.
2026-02-27 21:23:38.846 Please replace `use_container_width` with `width`.

`use_container_width` will be removed after 2025-12-31.

For `use_container_width=True`, use `width='stretch'`. For `use_container_width=False`, use `width='content'`.
2026-02-27 21:23:45.338 Please replace `use_container_width` with `width`.

`use_container_width` will be removed after 2025-12-31.

For `use_container_width=True`, use `width='stretch'`. For `use_container_width=False`, use `width='content'`.
2026-02-27 21:23:45.346 Please replace `use_container_width` with `width`.

`use_container_width` will be removed after 2025-12-31.

For `use_container_width=True`, use `width='stretch'`. For `use_container_width=False`, use `width='content'`.
2026-02-27 21:23:45.353 Please replace `use_container_width` with `width`.

`use_container_width` will be removed after 2025-12-31.

For `use_container_width=True`, use `width='stretch'`. For `use_container_width=False`, use `width='content'`.
2026-02-27 21:23:54.391 Please replace `use_container_width` with `width`.

`use_container_width` will be removed after 2025-12-31.

For `use_container_width=True`, use `width='stretch'`. For `use_container_width=False`, use `width='content'`.
2026-02-27 21:23:54.398 Please replace `use_container_width` with `width`.

`use_container_width` will be removed after 2025-12-31.

For `use_container_width=True`, use `width='stretch'`. For `use_container_width=False`, use `width='content'`.
2026-02-27 21:23:59.326 Please replace `use_container_width` with `width`.

`use_container_width` will be removed after 2025-12-31.

For `use_container_width=True`, use `width='stretch'`. For `use_container_width=False`, use `width='content'`.
2026-02-27 21:23:59.333 Please replace `use_container_width` with `width`.

`use_container_width` will be removed after 2025-12-31.

For `use_container_width=True`, use `width='stretch'`. For `use_container_width=False`, use `width='content'`.
2026-02-27 21:24:00.835 Please replace `use_container_width` with `width`.

`use_container_width` will be removed after 2025-12-31.

For `use_container_width=True`, use `width='stretch'`. For `use_container_width=False`, use `width='content'`.
2026-02-27 21:24:00.842 Please replace `use_container_width` with `width`.

`use_container_width` will be removed after 2025-12-31.

For `use_container_width=True`, use `width='stretch'`. For `use_container_width=False`, use `width='content'`.
2026-02-27 21:24:06.682 Please replace `use_container_width` with `width`.

`use_container_width` will be removed after 2025-12-31.

For `use_container_width=True`, use `width='stretch'`. For `use_container_width=False`, use `width='content'`.
2026-02-27 21:24:06.684 Please replace `use_container_width` with `width`.

`use_container_width` will be removed after 2025-12-31.

For `use_container_width=True`, use `width='stretch'`. For `use_container_width=False`, use `width='content'`.
2026-02-27 21:24:06.685 Please replace `use_container_width` with `width`.

`use_container_width` will be removed after 2025-12-31.

For `use_container_width=True`, use `width='stretch'`. For `use_container_width=False`, use `width='content'`.
2026-02-27 21:24:06.685 Please replace `use_container_width` with `width`.

`use_container_width` will be removed after 2025-12-31.

For `use_container_width=True`, use `width='stretch'`. For `use_container_width=False`, use `width='content'`.
2026-02-27 21:24:14.943 Please replace `use_container_width` with `width`.

`use_container_width` will be removed after 2025-12-31.

For `use_container_width=True`, use `width='stretch'`. For `use_container_width=False`, use `width='content'`.
2026-02-27 21:24:14.945 Please replace `use_container_width` with `width`.

`use_container_width` will be removed after 2025-12-31.

For `use_container_width=True`, use `width='stretch'`. For `use_container_width=False`, use `width='content'`.
2026-02-27 21:24:14.945 Please replace `use_container_width` with `width`.

`use_container_width` will be removed after 2025-12-31.

For `use_container_width=True`, use `width='stretch'`. For `use_container_width=False`, use `width='content'`.
2026-02-27 21:24:14.946 Please replace `use_container_width` with `width`.

`use_container_width` will be removed after 2025-12-31.

For `use_container_width=True`, use `width='stretch'`. For `use_container_width=False`, use `width='content'`.
2026-02-27 21:24:23.419 Please replace `use_container_width` with `width`.

`use_container_width` will be removed after 2025-12-31.

For `use_container_width=True`, use `width='stretch'`. For `use_container_width=False`, use `width='content'`.
2026-02-27 21:24:23.421 Please replace `use_container_width` with `width`.

`use_container_width` will be removed after 2025-12-31.

For `use_container_width=True`, use `width='stretch'`. For `use_container_width=False`, use `width='content'`.
2026-02-27 21:24:23.422 Please replace `use_container_width` with `width`.

`use_container_width` will be removed after 2025-12-31.

For `use_container_width=True`, use `width='stretch'`. For `use_container_width=False`, use `width='content'`.
2026-02-27 21:24:23.423 Please replace `use_container_width` with `width`.

`use_container_width` will be removed after 2025-12-31.

For `use_container_width=True`, use `width='stretch'`. For `use_container_width=False`, use `width='content'`.
2026-02-27 21:24:29.359 Please replace `use_container_width` with `width`.

`use_container_width` will be removed after 2025-12-31.

For `use_container_width=True`, use `width='stretch'`. For `use_container_width=False`, use `width='content'`.
2026-02-27 21:24:29.362 Please replace `use_container_width` with `width`.

`use_container_width` will be removed after 2025-12-31.

For `use_container_width=True`, use `width='stretch'`. For `use_container_width=False`, use `width='content'`.
2026-02-27 21:24:29.363 Please replace `use_container_width` with `width`.

`use_container_width` will be removed after 2025-12-31.

For `use_container_width=True`, use `width='stretch'`. For `use_container_width=False`, use `width='content'`.
2026-02-27 21:24:29.363 Please replace `use_container_width` with `width`.

`use_container_width` will be removed after 2025-12-31.

For `use_container_width=True`, use `width='stretch'`. For `use_container_width=False`, use `width='content'`.
2026-02-27 21:24:37.213 Please replace `use_container_width` with `width`.

`use_container_width` will be removed after 2025-12-31.

For `use_container_width=True`, use `width='stretch'`. For `use_container_width=False`, use `width='content'`.
2026-02-27 21:24:37.216 Please replace `use_container_width` with `width`.

`use_container_width` will be removed after 2025-12-31.

For `use_container_width=True`, use `width='stretch'`. For `use_container_width=False`, use `width='content'`.
2026-02-27 21:24:37.216 Please replace `use_container_width` with `width`.

`use_container_width` will be removed after 2025-12-31.

For `use_container_width=True`, use `width='stretch'`. For `use_container_width=False`, use `width='content'`.
2026-02-27 21:24:37.217 Please replace `use_container_width` with `width`.

`use_container_width` will be removed after 2025-12-31.

For `use_container_width=True`, use `width='stretch'`. For `use_container_width=False`, use `width='content'`.
2026-02-27 21:26:16.380 Please replace `use_container_width` with `width`.

`use_container_width` will be removed after 2025-12-31.

For `use_container_width=True`, use `width='stretch'`. For `use_container_width=False`, use `width='content'`.
2026-02-27 21:26:16.384 Please replace `use_container_width` with `width`.

`use_container_width` will be removed after 2025-12-31.

For `use_container_width=True`, use `width='stretch'`. For `use_container_width=False`, use `width='content'`.
2026-02-27 21:26:16.385 Please replace `use_container_width` with `width`.

`use_container_width` will be removed after 2025-12-31.

For `use_container_width=True`, use `width='stretch'`. For `use_container_width=False`, use `width='content'`.
2026-02-27 21:26:16.385 Please replace `use_container_width` with `width`.

`use_container_width` will be removed after 2025-12-31.

For `use_container_width=True`, use `width='stretch'`. For `use_container_width=False`, use `width='content'`.
2026-02-27 21:26:24.882 Please replace `use_container_width` with `width`.

`use_container_width` will be removed after 2025-12-31.

For `use_container_width=True`, use `width='stretch'`. For `use_container_width=False`, use `width='content'`.
2026-02-27 21:26:24.884 Please replace `use_container_width` with `width`.

`use_container_width` will be removed after 2025-12-31.

For `use_container_width=True`, use `width='stretch'`. For `use_container_width=False`, use `width='content'`.
2026-02-27 21:26:24.885 Please replace `use_container_width` with `width`.

`use_container_width` will be removed after 2025-12-31.

For `use_container_width=True`, use `width='stretch'`. For `use_container_width=False`, use `width='content'`.
2026-02-27 21:26:24.886 Please replace `use_container_width` with `width`.

`use_container_width` will be removed after 2025-12-31.

For `use_container_width=True`, use `width='stretch'`. For `use_container_width=False`, use `width='content'`.
2026-02-27 22:04:22.295 304 GET / (::1) 1.41ms
2026-02-27 22:04:22.435 304 GET /_stcore/health (::1) 0.66ms
2026-02-27 22:04:22.436 304 GET /_stcore/host-config (::1) 0.46ms
2026-02-27 22:04:22.440 101 GET /_stcore/stream (::1) 1.19ms
2026-02-27 22:04:22.727 Please replace `use_container_width` with `width`.

`use_container_width` will be removed after 2025-12-31.

For `use_container_width=True`, use `width='stretch'`. For `use_container_width=False`, use `width='content'`.
2026-02-27 22:04:22.734 Please replace `use_container_width` with `width`.

`use_container_width` will be removed after 2025-12-31.

For `use_container_width=True`, use `width='stretch'`. For `use_container_width=False`, use `width='content'`.
2026-02-27 22:06:41.451 304 GET / (::1) 0.56ms
2026-02-27 22:06:41.534 304 GET /_stcore/health (::1) 0.58ms
2026-02-27 22:06:41.534 304 GET /_stcore/host-config (::1) 0.36ms
2026-02-27 22:06:41.538 101 GET /_stcore/stream (::1) 0.71ms
2026-02-27 22:06:41.779 Please replace `use_container_width` with `width`.

`use_container_width` will be removed after 2025-12-31.

For `use_container_width=True`, use `width='stretch'`. For `use_container_width=False`, use `width='content'`.
2026-02-27 22:06:41.787 Please replace `use_container_width` with `width`.

`use_container_width` will be removed after 2025-12-31.

For `use_container_width=True`, use `width='stretch'`. For `use_container_width=False`, use `width='content'`.
2026-02-27 22:06:46.608 Please replace `use_container_width` with `width`.

`use_container_width` will be removed after 2025-12-31.

For `use_container_width=True`, use `width='stretch'`. For `use_container_width=False`, use `width='content'`.
2026-02-27 22:06:46.615 Please replace `use_container_width` with `width`.

`use_container_width` will be removed after 2025-12-31.

For `use_container_width=True`, use `width='stretch'`. For `use_container_width=False`, use `width='content'`.
2026-02-27 22:06:53.668 Please replace `use_container_width` with `width`.

`use_container_width` will be removed after 2025-12-31.

For `use_container_width=True`, use `width='stretch'`. For `use_container_width=False`, use `width='content'`.
2026-02-27 22:06:53.676 Please replace `use_container_width` with `width`.

`use_container_width` will be removed after 2025-12-31.

For `use_container_width=True`, use `width='stretch'`. For `use_container_width=False`, use `width='content'`.
2026-02-27 22:06:55.260 Please replace `use_container_width` with `width`.

`use_container_width` will be removed after 2025-12-31.

For `use_container_width=True`, use `width='stretch'`. For `use_container_width=False`, use `width='content'`.
2026-02-27 22:06:55.267 Please replace `use_container_width` with `width`.

`use_container_width` will be removed after 2025-12-31.

For `use_container_width=True`, use `width='stretch'`. For `use_container_width=False`, use `width='content'`.
2026-02-27 22:06:56.582 Please replace `use_container_width` with `width`.

`use_container_width` will be removed after 2025-12-31.

For `use_container_width=True`, use `width='stretch'`. For `use_container_width=False`, use `width='content'`.
2026-02-27 22:06:56.589 Please replace `use_container_width` with `width`.

`use_container_width` will be removed after 2025-12-31.

For `use_container_width=True`, use `width='stretch'`. For `use_container_width=False`, use `width='content'`.
2026-02-27 22:07:26.789 Please replace `use_container_width` with `width`.

`use_container_width` will be removed after 2025-12-31.

For `use_container_width=True`, use `width='stretch'`. For `use_container_width=False`, use `width='content'`.
2026-02-27 22:07:26.797 Please replace `use_container_width` with `width`.

`use_container_width` will be removed after 2025-12-31.

For `use_container_width=True`, use `width='stretch'`. For `use_container_width=False`, use `width='content'`.
2026-02-27 22:07:26.805 Please replace `use_container_width` with `width`.

`use_container_width` will be removed after 2025-12-31.

For `use_container_width=True`, use `width='stretch'`. For `use_container_width=False`, use `width='content'`.
2026-02-27 22:07:26.806 Please replace `use_container_width` with `width`.

`use_container_width` will be removed after 2025-12-31.

For `use_container_width=True`, use `width='stretch'`. For `use_container_width=False`, use `width='content'`.
2026-02-27 22:07:32.377 Please replace `use_container_width` with `width`.

`use_container_width` will be removed after 2025-12-31.

For `use_container_width=True`, use `width='stretch'`. For `use_container_width=False`, use `width='content'`.
2026-02-27 22:07:32.384 Please replace `use_container_width` with `width`.

`use_container_width` will be removed after 2025-12-31.

For `use_container_width=True`, use `width='stretch'`. For `use_container_width=False`, use `width='content'`.
2026-02-27 22:07:32.391 Please replace `use_container_width` with `width`.

`use_container_width` will be removed after 2025-12-31.

For `use_container_width=True`, use `width='stretch'`. For `use_container_width=False`, use `width='content'`.
2026-02-27 22:07:35.819 Please replace `use_container_width` with `width`.

`use_container_width` will be removed after 2025-12-31.

For `use_container_width=True`, use `width='stretch'`. For `use_container_width=False`, use `width='content'`.
2026-02-27 22:07:35.821 Please replace `use_container_width` with `width`.

`use_container_width` will be removed after 2025-12-31.

For `use_container_width=True`, use `width='stretch'`. For `use_container_width=False`, use `width='content'`.
2026-02-27 22:07:35.822 Please replace `use_container_width` with `width`.

`use_container_width` will be removed after 2025-12-31.

For `use_container_width=True`, use `width='stretch'`. For `use_container_width=False`, use `width='content'`.
2026-02-27 22:07:35.823 Please replace `use_container_width` with `width`.

`use_container_width` will be removed after 2025-12-31.

For `use_container_width=True`, use `width='stretch'`. For `use_container_width=False`, use `width='content'`.
2026-02-27 22:09:41.241 Please replace `use_container_width` with `width`.

`use_container_width` will be removed after 2025-12-31.

For `use_container_width=True`, use `width='stretch'`. For `use_container_width=False`, use `width='content'`.
2026-02-27 22:09:41.245 Please replace `use_container_width` with `width`.

`use_container_width` will be removed after 2025-12-31.

For `use_container_width=True`, use `width='stretch'`. For `use_container_width=False`, use `width='content'`.
2026-02-27 22:09:41.245 Please replace `use_container_width` with `width`.

`use_container_width` will be removed after 2025-12-31.

For `use_container_width=True`, use `width='stretch'`. For `use_container_width=False`, use `width='content'`.
2026-02-27 22:09:41.246 Please replace `use_container_width` with `width`.

`use_container_width` will be removed after 2025-12-31.

For `use_container_width=True`, use `width='stretch'`. For `use_container_width=False`, use `width='content'`.
2026-02-27 22:10:04.239 Please replace `use_container_width` with `width`.

`use_container_width` will be removed after 2025-12-31.

For `use_container_width=True`, use `width='stretch'`. For `use_container_width=False`, use `width='content'`.
2026-02-27 22:10:04.244 Please replace `use_container_width` with `width`.

`use_container_width` will be removed after 2025-12-31.

For `use_container_width=True`, use `width='stretch'`. For `use_container_width=False`, use `width='content'`.
2026-02-27 22:10:04.245 Please replace `use_container_width` with `width`.

`use_container_width` will be removed after 2025-12-31.

For `use_container_width=True`, use `width='stretch'`. For `use_container_width=False`, use `width='content'`.
2026-02-27 22:10:04.246 Please replace `use_container_width` with `width`.

`use_container_width` will be removed after 2025-12-31.

For `use_container_width=True`, use `width='stretch'`. For `use_container_width=False`, use `width='content'`.
2026-02-27 22:10:10.638 Please replace `use_container_width` with `width`.

`use_container_width` will be removed after 2025-12-31.

For `use_container_width=True`, use `width='stretch'`. For `use_container_width=False`, use `width='content'`.
2026-02-27 22:10:10.640 Please replace `use_container_width` with `width`.

`use_container_width` will be removed after 2025-12-31.

For `use_container_width=True`, use `width='stretch'`. For `use_container_width=False`, use `width='content'`.
2026-02-27 22:10:10.641 Please replace `use_container_width` with `width`.

`use_container_width` will be removed after 2025-12-31.

For `use_container_width=True`, use `width='stretch'`. For `use_container_width=False`, use `width='content'`.
2026-02-27 22:10:10.641 Please replace `use_container_width` with `width`.

`use_container_width` will be removed after 2025-12-31.

For `use_container_width=True`, use `width='stretch'`. For `use_container_width=False`, use `width='content'`.
2026-02-27 22:10:16.575 Please replace `use_container_width` with `width`.

`use_container_width` will be removed after 2025-12-31.

For `use_container_width=True`, use `width='stretch'`. For `use_container_width=False`, use `width='content'`.
2026-02-27 22:10:16.578 Please replace `use_container_width` with `width`.

`use_container_width` will be removed after 2025-12-31.

For `use_container_width=True`, use `width='stretch'`. For `use_container_width=False`, use `width='content'`.
2026-02-27 22:10:16.578 Please replace `use_container_width` with `width`.

`use_container_width` will be removed after 2025-12-31.

For `use_container_width=True`, use `width='stretch'`. For `use_container_width=False`, use `width='content'`.
2026-02-27 22:10:16.579 Please replace `use_container_width` with `width`.

`use_container_width` will be removed after 2025-12-31.

For `use_container_width=True`, use `width='stretch'`. For `use_container_width=False`, use `width='content'`.
2026-02-27 23:09:31.151 Please replace `use_container_width` with `width`.

`use_container_width` will be removed after 2025-12-31.

For `use_container_width=True`, use `width='stretch'`. For `use_container_width=False`, use `width='content'`.
2026-02-27 23:09:31.159 Please replace `use_container_width` with `width`.

`use_container_width` will be removed after 2025-12-31.

For `use_container_width=True`, use `width='stretch'`. For `use_container_width=False`, use `width='content'`.
2026-02-27 23:19:35.858 304 GET / (::1) 7.07ms
2026-02-27 23:19:36.009 304 GET /_stcore/health (::1) 1.26ms
2026-02-27 23:19:36.009 304 GET /_stcore/host-config (::1) 0.46ms
2026-02-27 23:19:36.013 101 GET /_stcore/stream (::1) 1.48ms
2026-02-27 23:19:36.314 Please replace `use_container_width` with `width`.

`use_container_width` will be removed after 2025-12-31.

For `use_container_width=True`, use `width='stretch'`. For `use_container_width=False`, use `width='content'`.
2026-02-27 23:19:36.321 Please replace `use_container_width` with `width`.

`use_container_width` will be removed after 2025-12-31.

For `use_container_width=True`, use `width='stretch'`. For `use_container_width=False`, use `width='content'`.
2026-02-27 23:19:38.575 Please replace `use_container_width` with `width`.

`use_container_width` will be removed after 2025-12-31.

For `use_container_width=True`, use `width='stretch'`. For `use_container_width=False`, use `width='content'`.
2026-02-27 23:19:38.578 Please replace `use_container_width` with `width`.

`use_container_width` will be removed after 2025-12-31.

For `use_container_width=True`, use `width='stretch'`. For `use_container_width=False`, use `width='content'`.
2026-02-27 23:19:38.579 Please replace `use_container_width` with `width`.

`use_container_width` will be removed after 2025-12-31.

For `use_container_width=True`, use `width='stretch'`. For `use_container_width=False`, use `width='content'`.
2026-02-27 23:19:38.580 Please replace `use_container_width` with `width`.

`use_container_width` will be removed after 2025-12-31.

For `use_container_width=True`, use `width='stretch'`. For `use_container_width=False`, use `width='content'`.
2026-02-27 23:19:53.811 Please replace `use_container_width` with `width`.

`use_container_width` will be removed after 2025-12-31.

For `use_container_width=True`, use `width='stretch'`. For `use_container_width=False`, use `width='content'`.
2026-02-27 23:19:53.814 Please replace `use_container_width` with `width`.

`use_container_width` will be removed after 2025-12-31.

For `use_container_width=True`, use `width='stretch'`. For `use_container_width=False`, use `width='content'`.
2026-02-27 23:19:53.815 Please replace `use_container_width` with `width`.

`use_container_width` will be removed after 2025-12-31.

For `use_container_width=True`, use `width='stretch'`. For `use_container_width=False`, use `width='content'`.
2026-02-27 23:19:53.816 Please replace `use_container_width` with `width`.

`use_container_width` will be removed after 2025-12-31.

For `use_container_width=True`, use `width='stretch'`. For `use_container_width=False`, use `width='content'`.
2026-02-27 23:20:20.024 Please replace `use_container_width` with `width`.

`use_container_width` will be removed after 2025-12-31.

For `use_container_width=True`, use `width='stretch'`. For `use_container_width=False`, use `width='content'`.
2026-02-27 23:20:20.026 Please replace `use_container_width` with `width`.

`use_container_width` will be removed after 2025-12-31.

For `use_container_width=True`, use `width='stretch'`. For `use_container_width=False`, use `width='content'`.
2026-02-27 23:20:20.027 Please replace `use_container_width` with `width`.

`use_container_width` will be removed after 2025-12-31.

For `use_container_width=True`, use `width='stretch'`. For `use_container_width=False`, use `width='content'`.
2026-02-27 23:20:20.028 Please replace `use_container_width` with `width`.

`use_container_width` will be removed after 2025-12-31.

For `use_container_width=True`, use `width='stretch'`. For `use_container_width=False`, use `width='content'`.
2026-02-27 23:20:25.398 Please replace `use_container_width` with `width`.

`use_container_width` will be removed after 2025-12-31.

For `use_container_width=True`, use `width='stretch'`. For `use_container_width=False`, use `width='content'`.
2026-02-27 23:20:25.400 Please replace `use_container_width` with `width`.

`use_container_width` will be removed after 2025-12-31.

For `use_container_width=True`, use `width='stretch'`. For `use_container_width=False`, use `width='content'`.
2026-02-27 23:20:25.401 Please replace `use_container_width` with `width`.

`use_container_width` will be removed after 2025-12-31.

For `use_container_width=True`, use `width='stretch'`. For `use_container_width=False`, use `width='content'`.
2026-02-27 23:20:25.402 Please replace `use_container_width` with `width`.

`use_container_width` will be removed after 2025-12-31.

For `use_container_width=True`, use `width='stretch'`. For `use_container_width=False`, use `width='content'`.
2026-02-27 23:20:38.937 Please replace `use_container_width` with `width`.

`use_container_width` will be removed after 2025-12-31.

For `use_container_width=True`, use `width='stretch'`. For `use_container_width=False`, use `width='content'`.
2026-02-27 23:20:38.940 Please replace `use_container_width` with `width`.

`use_container_width` will be removed after 2025-12-31.

For `use_container_width=True`, use `width='stretch'`. For `use_container_width=False`, use `width='content'`.
2026-02-27 23:20:38.941 Please replace `use_container_width` with `width`.

`use_container_width` will be removed after 2025-12-31.

For `use_container_width=True`, use `width='stretch'`. For `use_container_width=False`, use `width='content'`.
2026-02-27 23:20:38.941 Please replace `use_container_width` with `width`.

`use_container_width` will be removed after 2025-12-31.

For `use_container_width=True`, use `width='stretch'`. For `use_container_width=False`, use `width='content'`.
2026-02-27 23:20:39.715 Please replace `use_container_width` with `width`.

`use_container_width` will be removed after 2025-12-31.

For `use_container_width=True`, use `width='stretch'`. For `use_container_width=False`, use `width='content'`.
2026-02-27 23:20:39.718 Please replace `use_container_width` with `width`.

`use_container_width` will be removed after 2025-12-31.

For `use_container_width=True`, use `width='stretch'`. For `use_container_width=False`, use `width='content'`.
2026-02-27 23:20:39.718 Please replace `use_container_width` with `width`.

`use_container_width` will be removed after 2025-12-31.

For `use_container_width=True`, use `width='stretch'`. For `use_container_width=False`, use `width='content'`.
2026-02-27 23:20:39.719 Please replace `use_container_width` with `width`.

`use_container_width` will be removed after 2025-12-31.

For `use_container_width=True`, use `width='stretch'`. For `use_container_width=False`, use `width='content'`.
2026-02-27 23:20:55.027 Please replace `use_container_width` with `width`.

`use_container_width` will be removed after 2025-12-31.

For `use_container_width=True`, use `width='stretch'`. For `use_container_width=False`, use `width='content'`.
2026-02-27 23:20:55.030 Please replace `use_container_width` with `width`.

`use_container_width` will be removed after 2025-12-31.

For `use_container_width=True`, use `width='stretch'`. For `use_container_width=False`, use `width='content'`.
2026-02-27 23:20:55.031 Please replace `use_container_width` with `width`.

`use_container_width` will be removed after 2025-12-31.

For `use_container_width=True`, use `width='stretch'`. For `use_container_width=False`, use `width='content'`.
2026-02-27 23:20:55.031 Please replace `use_container_width` with `width`.

`use_container_width` will be removed after 2025-12-31.

For `use_container_width=True`, use `width='stretch'`. For `use_container_width=False`, use `width='content'`.
2026-02-27 23:20:57.340 Please replace `use_container_width` with `width`.

`use_container_width` will be removed after 2025-12-31.

For `use_container_width=True`, use `width='stretch'`. For `use_container_width=False`, use `width='content'`.
2026-02-27 23:20:57.342 Please replace `use_container_width` with `width`.

`use_container_width` will be removed after 2025-12-31.

For `use_container_width=True`, use `width='stretch'`. For `use_container_width=False`, use `width='content'`.
2026-02-27 23:20:57.343 Please replace `use_container_width` with `width`.

`use_container_width` will be removed after 2025-12-31.

For `use_container_width=True`, use `width='stretch'`. For `use_container_width=False`, use `width='content'`.
2026-02-27 23:20:57.344 Please replace `use_container_width` with `width`.

`use_container_width` will be removed after 2025-12-31.

For `use_container_width=True`, use `width='stretch'`. For `use_container_width=False`, use `width='content'`.
2026-02-27 23:21:13.957 Please replace `use_container_width` with `width`.

`use_container_width` will be removed after 2025-12-31.

For `use_container_width=True`, use `width='stretch'`. For `use_container_width=False`, use `width='content'`.
2026-02-27 23:21:13.960 Please replace `use_container_width` with `width`.

`use_container_width` will be removed after 2025-12-31.

For `use_container_width=True`, use `width='stretch'`. For `use_container_width=False`, use `width='content'`.
2026-02-27 23:21:13.961 Please replace `use_container_width` with `width`.

`use_container_width` will be removed after 2025-12-31.

For `use_container_width=True`, use `width='stretch'`. For `use_container_width=False`, use `width='content'`.
2026-02-27 23:21:13.962 Please replace `use_container_width` with `width`.

`use_container_width` will be removed after 2025-12-31.

For `use_container_width=True`, use `width='stretch'`. For `use_container_width=False`, use `width='content'`.
2026-02-27 23:24:31.161 Please replace `use_container_width` with `width`.

`use_container_width` will be removed after 2025-12-31.

For `use_container_width=True`, use `width='stretch'`. For `use_container_width=False`, use `width='content'`.
2026-02-27 23:24:31.164 Please replace `use_container_width` with `width`.

`use_container_width` will be removed after 2025-12-31.

For `use_container_width=True`, use `width='stretch'`. For `use_container_width=False`, use `width='content'`.
2026-02-27 23:24:31.165 Please replace `use_container_width` with `width`.

`use_container_width` will be removed after 2025-12-31.

For `use_container_width=True`, use `width='stretch'`. For `use_container_width=False`, use `width='content'`.
2026-02-27 23:24:31.165 Please replace `use_container_width` with `width`.

`use_container_width` will be removed after 2025-12-31.

For `use_container_width=True`, use `width='stretch'`. For `use_container_width=False`, use `width='content'`.
2026-02-27 23:25:44.542 Please replace `use_container_width` with `width`.

`use_container_width` will be removed after 2025-12-31.

For `use_container_width=True`, use `width='stretch'`. For `use_container_width=False`, use `width='content'`.
2026-02-27 23:25:44.546 Please replace `use_container_width` with `width`.

`use_container_width` will be removed after 2025-12-31.

For `use_container_width=True`, use `width='stretch'`. For `use_container_width=False`, use `width='content'`.
2026-02-27 23:25:44.546 Please replace `use_container_width` with `width`.

`use_container_width` will be removed after 2025-12-31.

For `use_container_width=True`, use `width='stretch'`. For `use_container_width=False`, use `width='content'`.
2026-02-27 23:25:44.547 Please replace `use_container_width` with `width`.

`use_container_width` will be removed after 2025-12-31.

For `use_container_width=True`, use `width='stretch'`. For `use_container_width=False`, use `width='content'`.
2026-02-27 23:25:46.716 Please replace `use_container_width` with `width`.

`use_container_width` will be removed after 2025-12-31.

For `use_container_width=True`, use `width='stretch'`. For `use_container_width=False`, use `width='content'`.
2026-02-27 23:25:46.719 Please replace `use_container_width` with `width`.

`use_container_width` will be removed after 2025-12-31.

For `use_container_width=True`, use `width='stretch'`. For `use_container_width=False`, use `width='content'`.
2026-02-27 23:25:46.719 Please replace `use_container_width` with `width`.

`use_container_width` will be removed after 2025-12-31.

For `use_container_width=True`, use `width='stretch'`. For `use_container_width=False`, use `width='content'`.
2026-02-27 23:25:46.720 Please replace `use_container_width` with `width`.

`use_container_width` will be removed after 2025-12-31.

For `use_container_width=True`, use `width='stretch'`. For `use_container_width=False`, use `width='content'`.
2026-02-27 23:25:50.288 Please replace `use_container_width` with `width`.

`use_container_width` will be removed after 2025-12-31.

For `use_container_width=True`, use `width='stretch'`. For `use_container_width=False`, use `width='content'`.
2026-02-27 23:25:50.290 Please replace `use_container_width` with `width`.

`use_container_width` will be removed after 2025-12-31.

For `use_container_width=True`, use `width='stretch'`. For `use_container_width=False`, use `width='content'`.
2026-02-27 23:25:50.291 Please replace `use_container_width` with `width`.

`use_container_width` will be removed after 2025-12-31.

For `use_container_width=True`, use `width='stretch'`. For `use_container_width=False`, use `width='content'`.
2026-02-27 23:25:50.292 Please replace `use_container_width` with `width`.

`use_container_width` will be removed after 2025-12-31.

For `use_container_width=True`, use `width='stretch'`. For `use_container_width=False`, use `width='content'`.
2026-02-27 23:25:53.674 Please replace `use_container_width` with `width`.

`use_container_width` will be removed after 2025-12-31.

For `use_container_width=True`, use `width='stretch'`. For `use_container_width=False`, use `width='content'`.
2026-02-27 23:25:53.677 Please replace `use_container_width` with `width`.

`use_container_width` will be removed after 2025-12-31.

For `use_container_width=True`, use `width='stretch'`. For `use_container_width=False`, use `width='content'`.
2026-02-27 23:25:53.677 Please replace `use_container_width` with `width`.

`use_container_width` will be removed after 2025-12-31.

For `use_container_width=True`, use `width='stretch'`. For `use_container_width=False`, use `width='content'`.
2026-02-27 23:25:53.678 Please replace `use_container_width` with `width`.

`use_container_width` will be removed after 2025-12-31.

For `use_container_width=True`, use `width='stretch'`. For `use_container_width=False`, use `width='content'`.
2026-02-27 23:25:59.888 Please replace `use_container_width` with `width`.

`use_container_width` will be removed after 2025-12-31.

For `use_container_width=True`, use `width='stretch'`. For `use_container_width=False`, use `width='content'`.
2026-02-27 23:25:59.891 Please replace `use_container_width` with `width`.

`use_container_width` will be removed after 2025-12-31.

For `use_container_width=True`, use `width='stretch'`. For `use_container_width=False`, use `width='content'`.
2026-02-27 23:25:59.892 Please replace `use_container_width` with `width`.

`use_container_width` will be removed after 2025-12-31.

For `use_container_width=True`, use `width='stretch'`. For `use_container_width=False`, use `width='content'`.
2026-02-27 23:25:59.892 Please replace `use_container_width` with `width`.

`use_container_width` will be removed after 2025-12-31.

For `use_container_width=True`, use `width='stretch'`. For `use_container_width=False`, use `width='content'`.
2026-02-27 23:26:31.413 Please replace `use_container_width` with `width`.

`use_container_width` will be removed after 2025-12-31.

For `use_container_width=True`, use `width='stretch'`. For `use_container_width=False`, use `width='content'`.
2026-02-27 23:26:31.416 Please replace `use_container_width` with `width`.

`use_container_width` will be removed after 2025-12-31.

For `use_container_width=True`, use `width='stretch'`. For `use_container_width=False`, use `width='content'`.
2026-02-27 23:26:31.417 Please replace `use_container_width` with `width`.

`use_container_width` will be removed after 2025-12-31.

For `use_container_width=True`, use `width='stretch'`. For `use_container_width=False`, use `width='content'`.
2026-02-27 23:26:31.417 Please replace `use_container_width` with `width`.

`use_container_width` will be removed after 2025-12-31.

For `use_container_width=True`, use `width='stretch'`. For `use_container_width=False`, use `width='content'`.
2026-02-27 23:26:34.591 Please replace `use_container_width` with `width`.

`use_container_width` will be removed after 2025-12-31.

For `use_container_width=True`, use `width='stretch'`. For `use_container_width=False`, use `width='content'`.
2026-02-27 23:26:34.594 Please replace `use_container_width` with `width`.

`use_container_width` will be removed after 2025-12-31.

For `use_container_width=True`, use `width='stretch'`. For `use_container_width=False`, use `width='content'`.
2026-02-27 23:26:34.594 Please replace `use_container_width` with `width`.

`use_container_width` will be removed after 2025-12-31.

For `use_container_width=True`, use `width='stretch'`. For `use_container_width=False`, use `width='content'`.
2026-02-27 23:26:34.595 Please replace `use_container_width` with `width`.

`use_container_width` will be removed after 2025-12-31.

For `use_container_width=True`, use `width='stretch'`. For `use_container_width=False`, use `width='content'`.
2026-02-27 23:26:36.716 304 GET / (::1) 1.51ms
2026-02-27 23:26:36.822 304 GET /_stcore/health (::1) 0.61ms
2026-02-27 23:26:36.822 304 GET /_stcore/host-config (::1) 0.49ms
2026-02-27 23:26:36.825 101 GET /_stcore/stream (::1) 0.72ms
2026-02-27 23:26:37.076 Please replace `use_container_width` with `width`.

`use_container_width` will be removed after 2025-12-31.

For `use_container_width=True`, use `width='stretch'`. For `use_container_width=False`, use `width='content'`.
2026-02-27 23:26:37.083 Please replace `use_container_width` with `width`.

`use_container_width` will be removed after 2025-12-31.

For `use_container_width=True`, use `width='stretch'`. For `use_container_width=False`, use `width='content'`.
2026-02-27 23:26:41.477 Please replace `use_container_width` with `width`.

`use_container_width` will be removed after 2025-12-31.

For `use_container_width=True`, use `width='stretch'`. For `use_container_width=False`, use `width='content'`.
2026-02-27 23:26:41.480 Please replace `use_container_width` with `width`.

`use_container_width` will be removed after 2025-12-31.

For `use_container_width=True`, use `width='stretch'`. For `use_container_width=False`, use `width='content'`.
2026-02-27 23:26:41.482 Please replace `use_container_width` with `width`.

`use_container_width` will be removed after 2025-12-31.

For `use_container_width=True`, use `width='stretch'`. For `use_container_width=False`, use `width='content'`.
2026-02-27 23:26:41.482 Please replace `use_container_width` with `width`.

`use_container_width` will be removed after 2025-12-31.

For `use_container_width=True`, use `width='stretch'`. For `use_container_width=False`, use `width='content'`.
2026-02-27 23:26:56.775 Please replace `use_container_width` with `width`.

`use_container_width` will be removed after 2025-12-31.

For `use_container_width=True`, use `width='stretch'`. For `use_container_width=False`, use `width='content'`.
2026-02-27 23:26:56.778 Please replace `use_container_width` with `width`.

`use_container_width` will be removed after 2025-12-31.

For `use_container_width=True`, use `width='stretch'`. For `use_container_width=False`, use `width='content'`.
2026-02-27 23:26:56.779 Please replace `use_container_width` with `width`.

`use_container_width` will be removed after 2025-12-31.

For `use_container_width=True`, use `width='stretch'`. For `use_container_width=False`, use `width='content'`.
2026-02-27 23:26:56.779 Please replace `use_container_width` with `width`.

`use_container_width` will be removed after 2025-12-31.

For `use_container_width=True`, use `width='stretch'`. For `use_container_width=False`, use `width='content'`.
2026-02-27 23:27:46.599 Please replace `use_container_width` with `width`.

`use_container_width` will be removed after 2025-12-31.

For `use_container_width=True`, use `width='stretch'`. For `use_container_width=False`, use `width='content'`.
2026-02-27 23:27:46.602 Please replace `use_container_width` with `width`.

`use_container_width` will be removed after 2025-12-31.

For `use_container_width=True`, use `width='stretch'`. For `use_container_width=False`, use `width='content'`.
2026-02-27 23:27:46.603 Please replace `use_container_width` with `width`.

`use_container_width` will be removed after 2025-12-31.

For `use_container_width=True`, use `width='stretch'`. For `use_container_width=False`, use `width='content'`.
2026-02-27 23:27:46.604 Please replace `use_container_width` with `width`.

`use_container_width` will be removed after 2025-12-31.

For `use_container_width=True`, use `width='stretch'`. For `use_container_width=False`, use `width='content'`.
2026-02-27 23:27:50.742 Please replace `use_container_width` with `width`.

`use_container_width` will be removed after 2025-12-31.

For `use_container_width=True`, use `width='stretch'`. For `use_container_width=False`, use `width='content'`.
2026-02-27 23:27:50.745 Please replace `use_container_width` with `width`.

`use_container_width` will be removed after 2025-12-31.

For `use_container_width=True`, use `width='stretch'`. For `use_container_width=False`, use `width='content'`.
2026-02-27 23:27:50.745 Please replace `use_container_width` with `width`.

`use_container_width` will be removed after 2025-12-31.

For `use_container_width=True`, use `width='stretch'`. For `use_container_width=False`, use `width='content'`.
2026-02-27 23:27:50.746 Please replace `use_container_width` with `width`.

`use_container_width` will be removed after 2025-12-31.

For `use_container_width=True`, use `width='stretch'`. For `use_container_width=False`, use `width='content'`.
2026-02-28 00:06:56.824 Please replace `use_container_width` with `width`.

`use_container_width` will be removed after 2025-12-31.

For `use_container_width=True`, use `width='stretch'`. For `use_container_width=False`, use `width='content'`.
2026-02-28 00:06:56.828 Please replace `use_container_width` with `width`.

`use_container_width` will be removed after 2025-12-31.

For `use_container_width=True`, use `width='stretch'`. For `use_container_width=False`, use `width='content'`.
2026-02-28 00:06:56.828 Please replace `use_container_width` with `width`.

`use_container_width` will be removed after 2025-12-31.

For `use_container_width=True`, use `width='stretch'`. For `use_container_width=False`, use `width='content'`.
2026-02-28 00:06:56.829 Please replace `use_container_width` with `width`.

`use_container_width` will be removed after 2025-12-31.

For `use_container_width=True`, use `width='stretch'`. For `use_container_width=False`, use `width='content'`.
2026-02-28 00:07:04.825 Please replace `use_container_width` with `width`.

`use_container_width` will be removed after 2025-12-31.

For `use_container_width=True`, use `width='stretch'`. For `use_container_width=False`, use `width='content'`.
2026-02-28 00:07:04.827 Please replace `use_container_width` with `width`.

`use_container_width` will be removed after 2025-12-31.

For `use_container_width=True`, use `width='stretch'`. For `use_container_width=False`, use `width='content'`.
2026-02-28 00:07:04.828 Please replace `use_container_width` with `width`.

`use_container_width` will be removed after 2025-12-31.

For `use_container_width=True`, use `width='stretch'`. For `use_container_width=False`, use `width='content'`.
2026-02-28 00:07:04.828 Please replace `use_container_width` with `width`.

`use_container_width` will be removed after 2025-12-31.

For `use_container_width=True`, use `width='stretch'`. For `use_container_width=False`, use `width='content'`.
2026-02-28 00:08:14.421 Please replace `use_container_width` with `width`.

`use_container_width` will be removed after 2025-12-31.

For `use_container_width=True`, use `width='stretch'`. For `use_container_width=False`, use `width='content'`.
2026-02-28 00:08:14.425 Please replace `use_container_width` with `width`.

`use_container_width` will be removed after 2025-12-31.

For `use_container_width=True`, use `width='stretch'`. For `use_container_width=False`, use `width='content'`.
2026-02-28 00:08:14.426 Please replace `use_container_width` with `width`.

`use_container_width` will be removed after 2025-12-31.

For `use_container_width=True`, use `width='stretch'`. For `use_container_width=False`, use `width='content'`.
2026-02-28 00:08:14.427 Please replace `use_container_width` with `width`.

`use_container_width` will be removed after 2025-12-31.

For `use_container_width=True`, use `width='stretch'`. For `use_container_width=False`, use `width='content'`.
2026-02-28 00:08:33.157 Please replace `use_container_width` with `width`.

`use_container_width` will be removed after 2025-12-31.

For `use_container_width=True`, use `width='stretch'`. For `use_container_width=False`, use `width='content'`.
2026-02-28 00:08:33.159 Please replace `use_container_width` with `width`.

`use_container_width` will be removed after 2025-12-31.

For `use_container_width=True`, use `width='stretch'`. For `use_container_width=False`, use `width='content'`.
2026-02-28 00:08:33.160 Please replace `use_container_width` with `width`.

`use_container_width` will be removed after 2025-12-31.

For `use_container_width=True`, use `width='stretch'`. For `use_container_width=False`, use `width='content'`.
2026-02-28 00:08:33.161 Please replace `use_container_width` with `width`.

`use_container_width` will be removed after 2025-12-31.

For `use_container_width=True`, use `width='stretch'`. For `use_container_width=False`, use `width='content'`.
2026-02-28 00:09:54.283 Please replace `use_container_width` with `width`.

`use_container_width` will be removed after 2025-12-31.

For `use_container_width=True`, use `width='stretch'`. For `use_container_width=False`, use `width='content'`.
2026-02-28 00:09:54.285 Please replace `use_container_width` with `width`.

`use_container_width` will be removed after 2025-12-31.

For `use_container_width=True`, use `width='stretch'`. For `use_container_width=False`, use `width='content'`.
2026-02-28 00:09:54.286 Please replace `use_container_width` with `width`.

`use_container_width` will be removed after 2025-12-31.

For `use_container_width=True`, use `width='stretch'`. For `use_container_width=False`, use `width='content'`.
2026-02-28 00:09:54.287 Please replace `use_container_width` with `width`.

`use_container_width` will be removed after 2025-12-31.

For `use_container_width=True`, use `width='stretch'`. For `use_container_width=False`, use `width='content'`.
2026-02-28 00:32:20.742 304 GET / (::1) 4.68ms
2026-02-28 00:32:20.904 304 GET /_stcore/health (::1) 1.57ms
2026-02-28 00:32:20.905 304 GET /_stcore/host-config (::1) 0.60ms
2026-02-28 00:32:20.908 101 GET /_stcore/stream (::1) 1.22ms
2026-02-28 00:32:21.258 Please replace `use_container_width` with `width`.

`use_container_width` will be removed after 2025-12-31.

For `use_container_width=True`, use `width='stretch'`. For `use_container_width=False`, use `width='content'`.
2026-02-28 00:32:21.264 Please replace `use_container_width` with `width`.

`use_container_width` will be removed after 2025-12-31.

For `use_container_width=True`, use `width='stretch'`. For `use_container_width=False`, use `width='content'`.
2026-02-28 00:32:22.951 Please replace `use_container_width` with `width`.

`use_container_width` will be removed after 2025-12-31.

For `use_container_width=True`, use `width='stretch'`. For `use_container_width=False`, use `width='content'`.
2026-02-28 00:32:22.954 Please replace `use_container_width` with `width`.

`use_container_width` will be removed after 2025-12-31.

For `use_container_width=True`, use `width='stretch'`. For `use_container_width=False`, use `width='content'`.
2026-02-28 00:32:22.956 Please replace `use_container_width` with `width`.

`use_container_width` will be removed after 2025-12-31.

For `use_container_width=True`, use `width='stretch'`. For `use_container_width=False`, use `width='content'`.
2026-02-28 00:32:22.956 Please replace `use_container_width` with `width`.

`use_container_width` will be removed after 2025-12-31.

For `use_container_width=True`, use `width='stretch'`. For `use_container_width=False`, use `width='content'`.
2026-02-28 00:32:31.539 Please replace `use_container_width` with `width`.

`use_container_width` will be removed after 2025-12-31.

For `use_container_width=True`, use `width='stretch'`. For `use_container_width=False`, use `width='content'`.
2026-02-28 00:32:31.542 Please replace `use_container_width` with `width`.

`use_container_width` will be removed after 2025-12-31.

For `use_container_width=True`, use `width='stretch'`. For `use_container_width=False`, use `width='content'`.
2026-02-28 00:32:31.543 Please replace `use_container_width` with `width`.

`use_container_width` will be removed after 2025-12-31.

For `use_container_width=True`, use `width='stretch'`. For `use_container_width=False`, use `width='content'`.
2026-02-28 00:32:31.544 Please replace `use_container_width` with `width`.

`use_container_width` will be removed after 2025-12-31.

For `use_container_width=True`, use `width='stretch'`. For `use_container_width=False`, use `width='content'`.
2026-02-28 00:32:49.636 Please replace `use_container_width` with `width`.

`use_container_width` will be removed after 2025-12-31.

For `use_container_width=True`, use `width='stretch'`. For `use_container_width=False`, use `width='content'`.
2026-02-28 00:32:49.637 Please replace `use_container_width` with `width`.

`use_container_width` will be removed after 2025-12-31.

For `use_container_width=True`, use `width='stretch'`. For `use_container_width=False`, use `width='content'`.
2026-02-28 00:32:49.638 Please replace `use_container_width` with `width`.

`use_container_width` will be removed after 2025-12-31.

For `use_container_width=True`, use `width='stretch'`. For `use_container_width=False`, use `width='content'`.
2026-02-28 00:32:49.639 Please replace `use_container_width` with `width`.

`use_container_width` will be removed after 2025-12-31.

For `use_container_width=True`, use `width='stretch'`. For `use_container_width=False`, use `width='content'`.
2026-02-28 00:32:52.024 Please replace `use_container_width` with `width`.

`use_container_width` will be removed after 2025-12-31.

For `use_container_width=True`, use `width='stretch'`. For `use_container_width=False`, use `width='content'`.
2026-02-28 00:32:52.026 Please replace `use_container_width` with `width`.

`use_container_width` will be removed after 2025-12-31.

For `use_container_width=True`, use `width='stretch'`. For `use_container_width=False`, use `width='content'`.
2026-02-28 00:32:52.027 Please replace `use_container_width` with `width`.

`use_container_width` will be removed after 2025-12-31.

For `use_container_width=True`, use `width='stretch'`. For `use_container_width=False`, use `width='content'`.
2026-02-28 00:32:52.028 Please replace `use_container_width` with `width`.

`use_container_width` will be removed after 2025-12-31.

For `use_container_width=True`, use `width='stretch'`. For `use_container_width=False`, use `width='content'`.
2026-02-28 00:32:56.816 Please replace `use_container_width` with `width`.

`use_container_width` will be removed after 2025-12-31.

For `use_container_width=True`, use `width='stretch'`. For `use_container_width=False`, use `width='content'`.
2026-02-28 00:32:56.819 Please replace `use_container_width` with `width`.

`use_container_width` will be removed after 2025-12-31.

For `use_container_width=True`, use `width='stretch'`. For `use_container_width=False`, use `width='content'`.
2026-02-28 00:32:56.820 Please replace `use_container_width` with `width`.

`use_container_width` will be removed after 2025-12-31.

For `use_container_width=True`, use `width='stretch'`. For `use_container_width=False`, use `width='content'`.
2026-02-28 00:32:56.820 Please replace `use_container_width` with `width`.

`use_container_width` will be removed after 2025-12-31.

For `use_container_width=True`, use `width='stretch'`. For `use_container_width=False`, use `width='content'`.
2026-02-28 00:32:59.652 Please replace `use_container_width` with `width`.

`use_container_width` will be removed after 2025-12-31.

For `use_container_width=True`, use `width='stretch'`. For `use_container_width=False`, use `width='content'`.
2026-02-28 00:32:59.654 Please replace `use_container_width` with `width`.

`use_container_width` will be removed after 2025-12-31.

For `use_container_width=True`, use `width='stretch'`. For `use_container_width=False`, use `width='content'`.
2026-02-28 00:32:59.655 Please replace `use_container_width` with `width`.

`use_container_width` will be removed after 2025-12-31.

For `use_container_width=True`, use `width='stretch'`. For `use_container_width=False`, use `width='content'`.
2026-02-28 00:32:59.656 Please replace `use_container_width` with `width`.

`use_container_width` will be removed after 2025-12-31.

For `use_container_width=True`, use `width='stretch'`. For `use_container_width=False`, use `width='content'`.
2026-02-28 00:46:00.695 304 GET / (::1) 4.10ms
2026-02-28 00:46:00.848 304 GET /_stcore/health (::1) 0.92ms
2026-02-28 00:46:00.849 304 GET /_stcore/host-config (::1) 0.65ms
2026-02-28 00:46:00.852 101 GET /_stcore/stream (::1) 1.19ms
2026-02-28 00:46:01.175 Please replace `use_container_width` with `width`.

`use_container_width` will be removed after 2025-12-31.

For `use_container_width=True`, use `width='stretch'`. For `use_container_width=False`, use `width='content'`.
2026-02-28 00:46:01.182 Please replace `use_container_width` with `width`.

`use_container_width` will be removed after 2025-12-31.

For `use_container_width=True`, use `width='stretch'`. For `use_container_width=False`, use `width='content'`.
2026-02-28 00:46:02.947 Uncaught app execution
Traceback (most recent call last):
  File "/Users/shinsukeimanaka/.gemini/antigravity/applicaiton_develop/Dinamic_Priceing/backend/venv/lib/python3.14/site-packages/streamlit/runtime/scriptrunner/exec_code.py", line 129, in exec_func_with_error_handling
    result = func()
  File "/Users/shinsukeimanaka/.gemini/antigravity/applicaiton_develop/Dinamic_Priceing/backend/venv/lib/python3.14/site-packages/streamlit/runtime/scriptrunner/script_runner.py", line 689, in code_to_exec
    exec(code, module.__dict__)  # noqa: S102
    ~~~~^^^^^^^^^^^^^^^^^^^^^^^
  File "/Users/shinsukeimanaka/.gemini/antigravity/applicaiton_develop/Dinamic_Priceing/backend/dashboard/app.py", line 1052, in <module>
    h_pricing_rule = calc_optimal_price(target_hotel, inventory_metrics[target_hotel["id"]], strategy="rule_based", reference_date=v_today)
                     ^^^^^^^^^^^^^^^^^^
NameError: name 'calc_optimal_price' is not defined
2026-02-28 00:52:43.184 304 GET / (::1) 4.72ms
2026-02-28 00:52:43.308 304 GET /_stcore/health (::1) 1.26ms
2026-02-28 00:52:43.310 304 GET /_stcore/host-config (::1) 0.82ms
2026-02-28 00:52:43.313 101 GET /_stcore/stream (::1) 1.08ms
2026-02-28 00:52:43.616 Please replace `use_container_width` with `width`.

`use_container_width` will be removed after 2025-12-31.

For `use_container_width=True`, use `width='stretch'`. For `use_container_width=False`, use `width='content'`.
2026-02-28 00:52:43.622 Please replace `use_container_width` with `width`.

`use_container_width` will be removed after 2025-12-31.

For `use_container_width=True`, use `width='stretch'`. For `use_container_width=False`, use `width='content'`.
2026-02-28 00:52:45.533 Please replace `use_container_width` with `width`.

`use_container_width` will be removed after 2025-12-31.

For `use_container_width=True`, use `width='stretch'`. For `use_container_width=False`, use `width='content'`.
2026-02-28 00:52:45.535 Uncaught app execution
Traceback (most recent call last):
  File "/Users/shinsukeimanaka/.gemini/antigravity/applicaiton_develop/Dinamic_Priceing/backend/venv/lib/python3.14/site-packages/streamlit/runtime/scriptrunner/exec_code.py", line 129, in exec_func_with_error_handling
    result = func()
  File "/Users/shinsukeimanaka/.gemini/antigravity/applicaiton_develop/Dinamic_Priceing/backend/venv/lib/python3.14/site-packages/streamlit/runtime/scriptrunner/script_runner.py", line 689, in code_to_exec
    exec(code, module.__dict__)  # noqa: S102
    ~~~~^^^^^^^^^^^^^^^^^^^^^^^
  File "/Users/shinsukeimanaka/.gemini/antigravity/applicaiton_develop/Dinamic_Priceing/backend/dashboard/app.py", line 1497, in <module>
    シナリオAでは <b>{int(curr_a_h_stock)}個</b> の売れ残りが発生し、仕入原価 <b>¥{int(curr_a_h_stock * h_cost):,}</b> が丸損となる予測です。<br>
                          ^^^^^^^^^^^^^^
NameError: name 'curr_a_h_stock' is not defined. Did you mean: 'curr_b_h_stock'?
2026-02-28 00:52:57.812 Please replace `use_container_width` with `width`.

`use_container_width` will be removed after 2025-12-31.

For `use_container_width=True`, use `width='stretch'`. For `use_container_width=False`, use `width='content'`.
2026-02-28 00:52:57.813 Uncaught app execution
Traceback (most recent call last):
  File "/Users/shinsukeimanaka/.gemini/antigravity/applicaiton_develop/Dinamic_Priceing/backend/venv/lib/python3.14/site-packages/streamlit/runtime/scriptrunner/exec_code.py", line 129, in exec_func_with_error_handling
    result = func()
  File "/Users/shinsukeimanaka/.gemini/antigravity/applicaiton_develop/Dinamic_Priceing/backend/venv/lib/python3.14/site-packages/streamlit/runtime/scriptrunner/script_runner.py", line 689, in code_to_exec
    exec(code, module.__dict__)  # noqa: S102
    ~~~~^^^^^^^^^^^^^^^^^^^^^^^
  File "/Users/shinsukeimanaka/.gemini/antigravity/applicaiton_develop/Dinamic_Priceing/backend/dashboard/app.py", line 1497, in <module>
    シナリオAでは <b>{int(curr_a_h_stock)}個</b> の売れ残りが発生し、仕入原価 <b>¥{int(curr_a_h_stock * h_cost):,}</b> が丸損となる予測です。<br>
                          ^^^^^^^^^^^^^^
NameError: name 'curr_a_h_stock' is not defined. Did you mean: 'curr_b_h_stock'?
2026-02-28 00:52:59.924 Please replace `use_container_width` with `width`.

`use_container_width` will be removed after 2025-12-31.

For `use_container_width=True`, use `width='stretch'`. For `use_container_width=False`, use `width='content'`.
2026-02-28 00:52:59.926 Uncaught app execution
Traceback (most recent call last):
  File "/Users/shinsukeimanaka/.gemini/antigravity/applicaiton_develop/Dinamic_Priceing/backend/venv/lib/python3.14/site-packages/streamlit/runtime/scriptrunner/exec_code.py", line 129, in exec_func_with_error_handling
    result = func()
  File "/Users/shinsukeimanaka/.gemini/antigravity/applicaiton_develop/Dinamic_Priceing/backend/venv/lib/python3.14/site-packages/streamlit/runtime/scriptrunner/script_runner.py", line 689, in code_to_exec
    exec(code, module.__dict__)  # noqa: S102
    ~~~~^^^^^^^^^^^^^^^^^^^^^^^
  File "/Users/shinsukeimanaka/.gemini/antigravity/applicaiton_develop/Dinamic_Priceing/backend/dashboard/app.py", line 1497, in <module>
    シナリオAでは <b>{int(curr_a_h_stock)}個</b> の売れ残りが発生し、仕入原価 <b>¥{int(curr_a_h_stock * h_cost):,}</b> が丸損となる予測です。<br>
                          ^^^^^^^^^^^^^^
NameError: name 'curr_a_h_stock' is not defined. Did you mean: 'curr_b_h_stock'?
2026-02-28 01:04:32.072 304 GET / (::1) 3.48ms
2026-02-28 01:04:32.205 304 GET /_stcore/health (::1) 0.81ms
2026-02-28 01:04:32.206 304 GET /_stcore/host-config (::1) 0.50ms
2026-02-28 01:04:32.209 101 GET /_stcore/stream (::1) 1.24ms
2026-02-28 01:04:32.526 Please replace `use_container_width` with `width`.

`use_container_width` will be removed after 2025-12-31.

For `use_container_width=True`, use `width='stretch'`. For `use_container_width=False`, use `width='content'`.
2026-02-28 01:04:32.532 Please replace `use_container_width` with `width`.

`use_container_width` will be removed after 2025-12-31.

For `use_container_width=True`, use `width='stretch'`. For `use_container_width=False`, use `width='content'`.
2026-02-28 01:04:34.231 Please replace `use_container_width` with `width`.

`use_container_width` will be removed after 2025-12-31.

For `use_container_width=True`, use `width='stretch'`. For `use_container_width=False`, use `width='content'`.
2026-02-28 01:04:34.233 Please replace `use_container_width` with `width`.

`use_container_width` will be removed after 2025-12-31.

For `use_container_width=True`, use `width='stretch'`. For `use_container_width=False`, use `width='content'`.
2026-02-28 01:04:34.234 Uncaught app execution
Traceback (most recent call last):
  File "/Users/shinsukeimanaka/.gemini/antigravity/applicaiton_develop/Dinamic_Priceing/backend/venv/lib/python3.14/site-packages/streamlit/runtime/scriptrunner/exec_code.py", line 129, in exec_func_with_error_handling
    result = func()
  File "/Users/shinsukeimanaka/.gemini/antigravity/applicaiton_develop/Dinamic_Priceing/backend/venv/lib/python3.14/site-packages/streamlit/runtime/scriptrunner/script_runner.py", line 689, in code_to_exec
    exec(code, module.__dict__)  # noqa: S102
    ~~~~^^^^^^^^^^^^^^^^^^^^^^^
  File "/Users/shinsukeimanaka/.gemini/antigravity/applicaiton_develop/Dinamic_Priceing/backend/dashboard/app.py", line 1537, in <module>
    "合計販売数": f"{int(total_sold_b_pkg + total_sold_b_h_solo)}室",
                                            ^^^^^^^^^^^^^^^^^^^
NameError: name 'total_sold_b_h_solo' is not defined. Did you mean: 'total_sold_sel_h_solo'?
2026-02-28 01:05:22.812 Please replace `use_container_width` with `width`.

`use_container_width` will be removed after 2025-12-31.

For `use_container_width=True`, use `width='stretch'`. For `use_container_width=False`, use `width='content'`.
2026-02-28 01:05:22.815 Please replace `use_container_width` with `width`.

`use_container_width` will be removed after 2025-12-31.

For `use_container_width=True`, use `width='stretch'`. For `use_container_width=False`, use `width='content'`.
2026-02-28 01:05:22.815 Uncaught app execution
Traceback (most recent call last):
  File "/Users/shinsukeimanaka/.gemini/antigravity/applicaiton_develop/Dinamic_Priceing/backend/venv/lib/python3.14/site-packages/streamlit/runtime/scriptrunner/exec_code.py", line 129, in exec_func_with_error_handling
    result = func()
  File "/Users/shinsukeimanaka/.gemini/antigravity/applicaiton_develop/Dinamic_Priceing/backend/venv/lib/python3.14/site-packages/streamlit/runtime/scriptrunner/script_runner.py", line 689, in code_to_exec
    exec(code, module.__dict__)  # noqa: S102
    ~~~~^^^^^^^^^^^^^^^^^^^^^^^
  File "/Users/shinsukeimanaka/.gemini/antigravity/applicaiton_develop/Dinamic_Priceing/backend/dashboard/app.py", line 1537, in <module>
    "合計販売数": f"{int(total_sold_b_pkg + total_sold_b_h_solo)}室",
                                            ^^^^^^^^^^^^^^^^^^^
NameError: name 'total_sold_b_h_solo' is not defined. Did you mean: 'total_sold_sel_h_solo'?
2026-02-28 01:09:55.626 304 GET / (::1) 3.83ms
2026-02-28 01:09:55.768 304 GET /_stcore/host-config (::1) 0.84ms
2026-02-28 01:09:55.770 304 GET /_stcore/health (::1) 0.75ms
2026-02-28 01:09:55.773 101 GET /_stcore/stream (::1) 1.16ms
2026-02-28 01:09:56.147 Please replace `use_container_width` with `width`.

`use_container_width` will be removed after 2025-12-31.

For `use_container_width=True`, use `width='stretch'`. For `use_container_width=False`, use `width='content'`.
2026-02-28 01:09:56.154 Please replace `use_container_width` with `width`.

`use_container_width` will be removed after 2025-12-31.

For `use_container_width=True`, use `width='stretch'`. For `use_container_width=False`, use `width='content'`.
2026-02-28 01:09:58.151 Please replace `use_container_width` with `width`.

`use_container_width` will be removed after 2025-12-31.

For `use_container_width=True`, use `width='stretch'`. For `use_container_width=False`, use `width='content'`.
2026-02-28 01:09:58.153 Please replace `use_container_width` with `width`.

`use_container_width` will be removed after 2025-12-31.

For `use_container_width=True`, use `width='stretch'`. For `use_container_width=False`, use `width='content'`.
2026-02-28 01:09:58.155 Please replace `use_container_width` with `width`.

`use_container_width` will be removed after 2025-12-31.

For `use_container_width=True`, use `width='stretch'`. For `use_container_width=False`, use `width='content'`.
2026-02-28 01:09:58.155 Uncaught app execution
Traceback (most recent call last):
  File "/Users/shinsukeimanaka/.gemini/antigravity/applicaiton_develop/Dinamic_Priceing/backend/venv/lib/python3.14/site-packages/streamlit/runtime/scriptrunner/exec_code.py", line 129, in exec_func_with_error_handling
    result = func()
  File "/Users/shinsukeimanaka/.gemini/antigravity/applicaiton_develop/Dinamic_Priceing/backend/venv/lib/python3.14/site-packages/streamlit/runtime/scriptrunner/script_runner.py", line 689, in code_to_exec
    exec(code, module.__dict__)  # noqa: S102
    ~~~~^^^^^^^^^^^^^^^^^^^^^^^
  File "/Users/shinsukeimanaka/.gemini/antigravity/applicaiton_develop/Dinamic_Priceing/backend/dashboard/app.py", line 1563, in <module>
    {"パラメータ名": "ホテルの価格弾力性", "現在値": f"{h_item_sim['elasticity']}", "説明": "価格変更に対する需要の敏感さ（負の数値が小さいほど値上げに強い）"},
                                                        ^^^^^^^^^^
NameError: name 'h_item_sim' is not defined
2026-02-28 01:11:05.740 304 GET / (::1) 1.02ms
2026-02-28 01:11:05.831 304 GET /_stcore/host-config (::1) 0.48ms
2026-02-28 01:11:05.832 304 GET /_stcore/health (::1) 0.49ms
2026-02-28 01:11:05.834 101 GET /_stcore/stream (::1) 0.79ms
2026-02-28 01:11:06.134 Please replace `use_container_width` with `width`.

`use_container_width` will be removed after 2025-12-31.

For `use_container_width=True`, use `width='stretch'`. For `use_container_width=False`, use `width='content'`.
2026-02-28 01:11:06.141 Please replace `use_container_width` with `width`.

`use_container_width` will be removed after 2025-12-31.

For `use_container_width=True`, use `width='stretch'`. For `use_container_width=False`, use `width='content'`.
2026-02-28 01:11:09.888 Please replace `use_container_width` with `width`.

`use_container_width` will be removed after 2025-12-31.

For `use_container_width=True`, use `width='stretch'`. For `use_container_width=False`, use `width='content'`.
2026-02-28 01:11:09.890 Please replace `use_container_width` with `width`.

`use_container_width` will be removed after 2025-12-31.

For `use_container_width=True`, use `width='stretch'`. For `use_container_width=False`, use `width='content'`.
2026-02-28 01:11:09.891 Please replace `use_container_width` with `width`.

`use_container_width` will be removed after 2025-12-31.

For `use_container_width=True`, use `width='stretch'`. For `use_container_width=False`, use `width='content'`.
2026-02-28 01:11:09.892 Please replace `use_container_width` with `width`.

`use_container_width` will be removed after 2025-12-31.

For `use_container_width=True`, use `width='stretch'`. For `use_container_width=False`, use `width='content'`.
2026-02-28 01:11:16.182 Please replace `use_container_width` with `width`.

`use_container_width` will be removed after 2025-12-31.

For `use_container_width=True`, use `width='stretch'`. For `use_container_width=False`, use `width='content'`.
2026-02-28 01:11:16.185 Please replace `use_container_width` with `width`.

`use_container_width` will be removed after 2025-12-31.

For `use_container_width=True`, use `width='stretch'`. For `use_container_width=False`, use `width='content'`.
2026-02-28 01:11:16.186 Please replace `use_container_width` with `width`.

`use_container_width` will be removed after 2025-12-31.

For `use_container_width=True`, use `width='stretch'`. For `use_container_width=False`, use `width='content'`.
2026-02-28 01:11:16.187 Please replace `use_container_width` with `width`.

`use_container_width` will be removed after 2025-12-31.

For `use_container_width=True`, use `width='stretch'`. For `use_container_width=False`, use `width='content'`.
2026-02-28 07:51:23.824 304 GET / (::1) 2.71ms
2026-02-28 07:51:23.966 304 GET /_stcore/health (::1) 1.16ms
2026-02-28 07:51:23.967 304 GET /_stcore/host-config (::1) 1.15ms
2026-02-28 07:51:23.971 101 GET /_stcore/stream (::1) 1.42ms
2026-02-28 07:51:24.315 Please replace `use_container_width` with `width`.

`use_container_width` will be removed after 2025-12-31.

For `use_container_width=True`, use `width='stretch'`. For `use_container_width=False`, use `width='content'`.
2026-02-28 07:51:24.322 Please replace `use_container_width` with `width`.

`use_container_width` will be removed after 2025-12-31.

For `use_container_width=True`, use `width='stretch'`. For `use_container_width=False`, use `width='content'`.
2026-02-28 07:51:26.782 Please replace `use_container_width` with `width`.

`use_container_width` will be removed after 2025-12-31.

For `use_container_width=True`, use `width='stretch'`. For `use_container_width=False`, use `width='content'`.
2026-02-28 07:51:26.784 Please replace `use_container_width` with `width`.

`use_container_width` will be removed after 2025-12-31.

For `use_container_width=True`, use `width='stretch'`. For `use_container_width=False`, use `width='content'`.
2026-02-28 07:51:26.785 Please replace `use_container_width` with `width`.

`use_container_width` will be removed after 2025-12-31.

For `use_container_width=True`, use `width='stretch'`. For `use_container_width=False`, use `width='content'`.
2026-02-28 07:51:26.785 Please replace `use_container_width` with `width`.

`use_container_width` will be removed after 2025-12-31.

For `use_container_width=True`, use `width='stretch'`. For `use_container_width=False`, use `width='content'`.
2026-02-28 07:51:33.650 Please replace `use_container_width` with `width`.

`use_container_width` will be removed after 2025-12-31.

For `use_container_width=True`, use `width='stretch'`. For `use_container_width=False`, use `width='content'`.
2026-02-28 07:51:33.652 Please replace `use_container_width` with `width`.

`use_container_width` will be removed after 2025-12-31.

For `use_container_width=True`, use `width='stretch'`. For `use_container_width=False`, use `width='content'`.
2026-02-28 07:51:33.653 Please replace `use_container_width` with `width`.

`use_container_width` will be removed after 2025-12-31.

For `use_container_width=True`, use `width='stretch'`. For `use_container_width=False`, use `width='content'`.
2026-02-28 07:51:33.654 Please replace `use_container_width` with `width`.

`use_container_width` will be removed after 2025-12-31.

For `use_container_width=True`, use `width='stretch'`. For `use_container_width=False`, use `width='content'`.
2026-02-28 07:51:41.626 Please replace `use_container_width` with `width`.

`use_container_width` will be removed after 2025-12-31.

For `use_container_width=True`, use `width='stretch'`. For `use_container_width=False`, use `width='content'`.
2026-02-28 07:51:41.628 Please replace `use_container_width` with `width`.

`use_container_width` will be removed after 2025-12-31.

For `use_container_width=True`, use `width='stretch'`. For `use_container_width=False`, use `width='content'`.
2026-02-28 07:51:41.629 Please replace `use_container_width` with `width`.

`use_container_width` will be removed after 2025-12-31.

For `use_container_width=True`, use `width='stretch'`. For `use_container_width=False`, use `width='content'`.
2026-02-28 07:51:41.629 Please replace `use_container_width` with `width`.

`use_container_width` will be removed after 2025-12-31.

For `use_container_width=True`, use `width='stretch'`. For `use_container_width=False`, use `width='content'`.
2026-02-28 07:51:45.605 Please replace `use_container_width` with `width`.

`use_container_width` will be removed after 2025-12-31.

For `use_container_width=True`, use `width='stretch'`. For `use_container_width=False`, use `width='content'`.
2026-02-28 07:51:45.607 Please replace `use_container_width` with `width`.

`use_container_width` will be removed after 2025-12-31.

For `use_container_width=True`, use `width='stretch'`. For `use_container_width=False`, use `width='content'`.
2026-02-28 07:51:45.608 Please replace `use_container_width` with `width`.

`use_container_width` will be removed after 2025-12-31.

For `use_container_width=True`, use `width='stretch'`. For `use_container_width=False`, use `width='content'`.
2026-02-28 07:51:45.609 Please replace `use_container_width` with `width`.

`use_container_width` will be removed after 2025-12-31.

For `use_container_width=True`, use `width='stretch'`. For `use_container_width=False`, use `width='content'`.
2026-03-02 20:10:08.560 304 GET / (::1) 1.24ms
2026-03-02 20:10:08.715 304 GET /_stcore/health (::1) 1.63ms
2026-03-02 20:10:08.716 304 GET /_stcore/host-config (::1) 0.42ms
2026-03-02 20:10:08.725 101 GET /_stcore/stream (::1) 1.77ms
2026-03-02 20:10:09.012 Please replace `use_container_width` with `width`.

`use_container_width` will be removed after 2025-12-31.

For `use_container_width=True`, use `width='stretch'`. For `use_container_width=False`, use `width='content'`.
2026-03-02 20:10:09.018 Please replace `use_container_width` with `width`.

`use_container_width` will be removed after 2025-12-31.

For `use_container_width=True`, use `width='stretch'`. For `use_container_width=False`, use `width='content'`.
2026-03-02 20:10:12.507 Uncaught app execution
Traceback (most recent call last):
  File "/Users/shinsukeimanaka/.gemini/antigravity/applicaiton_develop/Dinamic_Priceing/backend/venv/lib/python3.14/site-packages/streamlit/runtime/scriptrunner/exec_code.py", line 129, in exec_func_with_error_handling
    result = func()
  File "/Users/shinsukeimanaka/.gemini/antigravity/applicaiton_develop/Dinamic_Priceing/backend/venv/lib/python3.14/site-packages/streamlit/runtime/scriptrunner/script_runner.py", line 689, in code_to_exec
    exec(code, module.__dict__)  # noqa: S102
    ~~~~^^^^^^^^^^^^^^^^^^^^^^^
  File "/Users/shinsukeimanaka/.gemini/antigravity/applicaiton_develop/Dinamic_Priceing/backend/dashboard/app.py", line 1146, in <module>
    history_selected = h_item_sim_demand["history"] if is_hybrid else h_item_sim_rule["history"]
                                                                      ~~~~~~~~~~~~~~~^^^^^^^^^^^
KeyError: 'history'
2026-03-02 20:10:18.363 Uncaught app execution
Traceback (most recent call last):
  File "/Users/shinsukeimanaka/.gemini/antigravity/applicaiton_develop/Dinamic_Priceing/backend/venv/lib/python3.14/site-packages/streamlit/runtime/scriptrunner/exec_code.py", line 129, in exec_func_with_error_handling
    result = func()
  File "/Users/shinsukeimanaka/.gemini/antigravity/applicaiton_develop/Dinamic_Priceing/backend/venv/lib/python3.14/site-packages/streamlit/runtime/scriptrunner/script_runner.py", line 689, in code_to_exec
    exec(code, module.__dict__)  # noqa: S102
    ~~~~^^^^^^^^^^^^^^^^^^^^^^^
  File "/Users/shinsukeimanaka/.gemini/antigravity/applicaiton_develop/Dinamic_Priceing/backend/dashboard/app.py", line 1146, in <module>
    history_selected = h_item_sim_demand["history"] if is_hybrid else h_item_sim_rule["history"]
                                                                      ~~~~~~~~~~~~~~~^^^^^^^^^^^
KeyError: 'history'
DEBUG days_x: ['D-30', 'D-29', 'D-28', 'D-27', 'D-26', 'D-25', 'D-24', 'D-23', 'D-22', 'D-21'] ['D-4', 'D-3', 'D-2', 'D-1', 'D-0']
DEBUG asset_value: [np.float64(588000.0), np.float64(587999.98619001), np.float64(587999.9592918237), np.float64(587999.9069013173), np.float64(587999.8048585692), np.float64(587999.6061065284), np.float64(587999.2189907662), np.float64(587998.4649935601), np.float64(587996.9964126241), np.float64(587994.1360268507)] [np.float64(309833.4923073854), np.float64(204036.37002943145), np.float64(110865.49418066832), np.float64(42962.87707129684), np.float64(0.0)]
DEBUG days_x: ['D-30', 'D-29', 'D-28', 'D-27', 'D-26', 'D-25', 'D-24', 'D-23', 'D-22', 'D-21'] ['D-4', 'D-3', 'D-2', 'D-1', 'D-0']
DEBUG asset_value: [np.float64(588000.0), np.float64(587999.98619001), np.float64(587999.9592918237), np.float64(587999.9069013173), np.float64(587999.8048585692), np.float64(587999.6061065284), np.float64(587999.2189907662), np.float64(587998.4649935601), np.float64(587996.9964126241), np.float64(587994.1360268507)] [np.float64(309833.4923073854), np.float64(204036.37002943145), np.float64(110865.49418066832), np.float64(42962.87707129684), np.float64(0.0)]
DEBUG days_x: ['D-30', 'D-29', 'D-28', 'D-27', 'D-26', 'D-25', 'D-24', 'D-23', 'D-22', 'D-21'] ['D-4', 'D-3', 'D-2', 'D-1', 'D-0']
DEBUG asset_value: [np.float64(588000.0), np.float64(587999.98619001), np.float64(587999.9592918237), np.float64(587999.9069013173), np.float64(587999.8048585692), np.float64(587999.6061065284), np.float64(587999.2189907662), np.float64(587998.4649935601), np.float64(587996.9964126241), np.float64(587994.1360268507)] [np.float64(309833.4923073854), np.float64(204036.37002943145), np.float64(110865.49418066832), np.float64(42962.87707129684), np.float64(0.0)]
DEBUG days_x: ['D-30', 'D-29', 'D-28', 'D-27', 'D-26', 'D-25', 'D-24', 'D-23', 'D-22', 'D-21'] ['D-4', 'D-3', 'D-2', 'D-1', 'D-0']
DEBUG asset_value: [np.float64(588000.0), np.float64(587999.98619001), np.float64(587999.9592918237), np.float64(587999.9069013173), np.float64(587999.8048585692), np.float64(587999.6061065284), np.float64(587999.2189907662), np.float64(587998.4649935601), np.float64(587996.9964126241), np.float64(587994.1360268507)] [np.float64(309833.4923073854), np.float64(204036.37002943145), np.float64(110865.49418066832), np.float64(42962.87707129684), np.float64(0.0)]
DEBUG days_x: ['D-30', 'D-29', 'D-28', 'D-27', 'D-26', 'D-25', 'D-24', 'D-23', 'D-22', 'D-21'] ['D-4', 'D-3', 'D-2', 'D-1', 'D-0']
DEBUG asset_value: [np.float64(588000.0), np.float64(587999.98619001), np.float64(587999.9592918237), np.float64(587999.9069013173), np.float64(587999.8048585692), np.float64(587999.6061065284), np.float64(587999.2189907662), np.float64(587998.4649935601), np.float64(587996.9964126241), np.float64(587994.1360268507)] [np.float64(309833.4923073854), np.float64(204036.37002943145), np.float64(110865.49418066832), np.float64(42962.87707129684), np.float64(0.0)]
DEBUG days_x: ['D-30', 'D-29', 'D-28', 'D-27', 'D-26', 'D-25', 'D-24', 'D-23', 'D-22', 'D-21'] ['D-4', 'D-3', 'D-2', 'D-1', 'D-0']
DEBUG asset_value: [np.float64(588000.0), np.float64(587999.98619001), np.float64(587999.9592918237), np.float64(587999.9069013173), np.float64(587999.8048585692), np.float64(587999.6061065284), np.float64(587999.2189907662), np.float64(587998.4649935601), np.float64(587996.9964126241), np.float64(587994.1360268507)] [np.float64(309833.4923073854), np.float64(204036.37002943145), np.float64(110865.49418066832), np.float64(42962.87707129684), np.float64(0.0)]
DEBUG days_x: ['D-9', 'D-8', 'D-7', 'D-6', 'D-5', 'D-4', 'D-3', 'D-2', 'D-1', 'D-0'] ['D-4', 'D-3', 'D-2', 'D-1', 'D-0']
DEBUG asset_value: [np.float64(588000.0), np.float64(587999.8801076978), np.float64(587998.7737659052), np.float64(587988.5648293535), np.float64(587894.3739933411), np.float64(587026.5022983209), np.float64(579127.4358364302), np.float64(514492.61737516), np.float64(238899.6678132378), np.float64(0.0)] [np.float64(587026.5022983209), np.float64(579127.4358364302), np.float64(514492.61737516), np.float64(238899.6678132378), np.float64(0.0)]
DEBUG days_x: ['D-30', 'D-29', 'D-28', 'D-27', 'D-26', 'D-25', 'D-24', 'D-23', 'D-22', 'D-21'] ['D-4', 'D-3', 'D-2', 'D-1', 'D-0']
DEBUG asset_value: [np.float64(588000.0), np.float64(587999.98619001), np.float64(587999.9592918237), np.float64(587999.9069013173), np.float64(587999.8048585692), np.float64(587999.6061065284), np.float64(587999.2189907662), np.float64(587998.4649935601), np.float64(587996.9964126241), np.float64(587994.1360268507)] [np.float64(309833.4923073854), np.float64(204036.37002943145), np.float64(110865.49418066832), np.float64(42962.87707129684), np.float64(0.0)]
DEBUG days_x: ['D-9', 'D-8', 'D-7', 'D-6', 'D-5', 'D-4', 'D-3', 'D-2', 'D-1', 'D-0'] ['D-4', 'D-3', 'D-2', 'D-1', 'D-0']
DEBUG asset_value: [np.float64(588000.0), np.float64(587999.8801076978), np.float64(587998.7737659052), np.float64(587988.5648293535), np.float64(587894.3739933411), np.float64(587026.5022983209), np.float64(579127.4358364302), np.float64(514492.61737516), np.float64(238899.6678132378), np.float64(0.0)] [np.float64(587026.5022983209), np.float64(579127.4358364302), np.float64(514492.61737516), np.float64(238899.6678132378), np.float64(0.0)]
DEBUG days_x: ['D-9', 'D-8', 'D-7', 'D-6', 'D-5', 'D-4', 'D-3', 'D-2', 'D-1', 'D-0'] ['D-4', 'D-3', 'D-2', 'D-1', 'D-0']
DEBUG asset_value: [np.float64(588000.0), np.float64(587999.8801076978), np.float64(587998.7737659052), np.float64(587988.5648293535), np.float64(587894.3739933411), np.float64(587026.5022983209), np.float64(579127.4358364302), np.float64(514492.61737516), np.float64(238899.6678132378), np.float64(0.0)] [np.float64(587026.5022983209), np.float64(579127.4358364302), np.float64(514492.61737516), np.float64(238899.6678132378), np.float64(0.0)]
DEBUG days_x: ['D-9', 'D-8', 'D-7', 'D-6', 'D-5', 'D-4', 'D-3', 'D-2', 'D-1', 'D-0'] ['D-4', 'D-3', 'D-2', 'D-1', 'D-0']
DEBUG asset_value: [np.float64(588000.0), np.float64(587999.8801076978), np.float64(587998.7737659052), np.float64(587988.5648293535), np.float64(587894.3739933411), np.float64(587026.5022983209), np.float64(579127.4358364302), np.float64(514492.61737516), np.float64(238899.6678132378), np.float64(0.0)] [np.float64(587026.5022983209), np.float64(579127.4358364302), np.float64(514492.61737516), np.float64(238899.6678132378), np.float64(0.0)]
DEBUG days_x: ['D-30', 'D-29', 'D-28', 'D-27', 'D-26', 'D-25', 'D-24', 'D-23', 'D-22', 'D-21'] ['D-4', 'D-3', 'D-2', 'D-1', 'D-0']
DEBUG asset_value: [np.float64(588000.0), np.float64(587999.98619001), np.float64(587999.9592918237), np.float64(587999.9069013173), np.float64(587999.8048585692), np.float64(587999.6061065284), np.float64(587999.2189907662), np.float64(587998.4649935601), np.float64(587996.9964126241), np.float64(587994.1360268507)] [np.float64(309833.4923073854), np.float64(204036.37002943145), np.float64(110865.49418066832), np.float64(42962.87707129684), np.float64(0.0)]
DEBUG days_x: ['D-2', 'D-1', 'D-0'] ['D-2', 'D-1', 'D-0']
DEBUG asset_value: [np.float64(588000.0), np.float64(587679.2145069237), np.float64(0.0)] [np.float64(588000.0), np.float64(587679.2145069237), np.float64(0.0)]
DEBUG days_x: ['D-30', 'D-29', 'D-28', 'D-27', 'D-26', 'D-25', 'D-24', 'D-23', 'D-22', 'D-21'] ['D-4', 'D-3', 'D-2', 'D-1', 'D-0']
DEBUG asset_value: [np.float64(588000.0), np.float64(587999.98619001), np.float64(587999.9592918237), np.float64(587999.9069013173), np.float64(587999.8048585692), np.float64(587999.6061065284), np.float64(587999.2189907662), np.float64(587998.4649935601), np.float64(587996.9964126241), np.float64(587994.1360268507)] [np.float64(309833.4923073854), np.float64(204036.37002943145), np.float64(110865.49418066832), np.float64(42962.87707129684), np.float64(0.0)]
DEBUG days_x: ['D-30', 'D-29', 'D-28', 'D-27', 'D-26', 'D-25', 'D-24', 'D-23', 'D-22', 'D-21'] ['D-4', 'D-3', 'D-2', 'D-1', 'D-0']
DEBUG asset_value: [np.float64(588000.0), np.float64(587999.98619001), np.float64(587999.9592918237), np.float64(587999.9069013173), np.float64(587999.8048585692), np.float64(587999.6061065284), np.float64(587999.2189907662), np.float64(587998.4649935601), np.float64(587996.9964126241), np.float64(587994.1360268507)] [np.float64(309833.4923073854), np.float64(204036.37002943145), np.float64(110865.49418066832), np.float64(42962.87707129684), np.float64(0.0)]
DEBUG days_x: ['D-9', 'D-8', 'D-7', 'D-6', 'D-5', 'D-4', 'D-3', 'D-2', 'D-1', 'D-0'] ['D-4', 'D-3', 'D-2', 'D-1', 'D-0']
DEBUG asset_value: [np.float64(588000.0), np.float64(587999.8801076978), np.float64(587998.7737659052), np.float64(587988.5648293535), np.float64(587894.3739933411), np.float64(587026.5022983209), np.float64(579127.4358364302), np.float64(514492.61737516), np.float64(238899.6678132378), np.float64(0.0)] [np.float64(587026.5022983209), np.float64(579127.4358364302), np.float64(514492.61737516), np.float64(238899.6678132378), np.float64(0.0)]
DEBUG days_x: ['D-30', 'D-29', 'D-28', 'D-27', 'D-26', 'D-25', 'D-24', 'D-23', 'D-22', 'D-21'] ['D-4', 'D-3', 'D-2', 'D-1', 'D-0']
DEBUG asset_value: [np.float64(588000.0), np.float64(587999.98619001), np.float64(587999.9592918237), np.float64(587999.9069013173), np.float64(587999.8048585692), np.float64(587999.6061065284), np.float64(587999.2189907662), np.float64(587998.4649935601), np.float64(587996.9964126241), np.float64(587994.1360268507)] [np.float64(309833.4923073854), np.float64(204036.37002943145), np.float64(110865.49418066832), np.float64(42962.87707129684), np.float64(0.0)]
DEBUG days_x: ['D-29', 'D-28', 'D-27', 'D-26', 'D-25', 'D-24', 'D-23', 'D-22', 'D-21', 'D-20'] ['D-4', 'D-3', 'D-2', 'D-1', 'D-0']
DEBUG asset_value: [np.float64(756000.0), np.float64(755999.9813957175), np.float64(755999.9443168613), np.float64(755999.8704176664), np.float64(755999.7231345294), np.float64(755999.4295952461), np.float64(755998.8445638107), np.float64(755997.6785821593), np.float64(755995.3547577246), np.float64(755990.7233492447)] [np.float64(416854.47650417016), np.float64(276083.7123266748), np.float64(149843.50621182477), np.float64(57676.51451442624), np.float64(0.0)]
DEBUG days_x: ['D-2', 'D-1', 'D-0'] ['D-2', 'D-1', 'D-0']
DEBUG asset_value: [np.float64(588000.0), np.float64(587679.2145069237), np.float64(0.0)] [np.float64(588000.0), np.float64(587679.2145069237), np.float64(0.0)]
DEBUG days_x: ['D-30', 'D-29', 'D-28', 'D-27', 'D-26', 'D-25', 'D-24', 'D-23', 'D-22', 'D-21'] ['D-4', 'D-3', 'D-2', 'D-1', 'D-0']
DEBUG asset_value: [np.float64(588000.0), np.float64(587999.98619001), np.float64(587999.9592918237), np.float64(587999.9069013173), np.float64(587999.8048585692), np.float64(587999.6061065284), np.float64(587999.2189907662), np.float64(587998.4649935601), np.float64(587996.9964126241), np.float64(587994.1360268507)] [np.float64(309833.4923073854), np.float64(204036.37002943145), np.float64(110865.49418066832), np.float64(42962.87707129684), np.float64(0.0)]
DEBUG days_x: ['D-30', 'D-29', 'D-28', 'D-27', 'D-26', 'D-25', 'D-24', 'D-23', 'D-22', 'D-21'] ['D-4', 'D-3', 'D-2', 'D-1', 'D-0']
DEBUG asset_value: [np.float64(588000.0), np.float64(587999.98619001), np.float64(587999.9592918237), np.float64(587999.9069013173), np.float64(587999.8048585692), np.float64(587999.6061065284), np.float64(587999.2189907662), np.float64(587998.4649935601), np.float64(587996.9964126241), np.float64(587994.1360268507)] [np.float64(309833.4923073854), np.float64(204036.37002943145), np.float64(110865.49418066832), np.float64(42962.87707129684), np.float64(0.0)]
DEBUG days_x: ['D-30', 'D-29', 'D-28', 'D-27', 'D-26', 'D-25', 'D-24', 'D-23', 'D-22', 'D-21'] ['D-4', 'D-3', 'D-2', 'D-1', 'D-0']
DEBUG asset_value: [np.float64(588000.0), np.float64(587999.98619001), np.float64(587999.9592918237), np.float64(587999.9069013173), np.float64(587999.8048585692), np.float64(587999.6061065284), np.float64(587999.2189907662), np.float64(587998.4649935601), np.float64(587996.9964126241), np.float64(587994.1360268507)] [np.float64(309833.4923073854), np.float64(204036.37002943145), np.float64(110865.49418066832), np.float64(42962.87707129684), np.float64(0.0)]
DEBUG days_x: ['D-30', 'D-29', 'D-28', 'D-27', 'D-26', 'D-25', 'D-24', 'D-23', 'D-22', 'D-21'] ['D-4', 'D-3', 'D-2', 'D-1', 'D-0']
DEBUG asset_value: [np.float64(588000.0), np.float64(587999.98619001), np.float64(587999.9592918237), np.float64(587999.9069013173), np.float64(587999.8048585692), np.float64(587999.6061065284), np.float64(587999.2189907662), np.float64(587998.4649935601), np.float64(587996.9964126241), np.float64(587994.1360268507)] [np.float64(309833.4923073854), np.float64(204036.37002943145), np.float64(110865.49418066832), np.float64(42962.87707129684), np.float64(0.0)]
DEBUG days_x: ['D-30', 'D-29', 'D-28', 'D-27', 'D-26', 'D-25', 'D-24', 'D-23', 'D-22', 'D-21'] ['D-4', 'D-3', 'D-2', 'D-1', 'D-0']
DEBUG asset_value: [np.float64(588000.0), np.float64(587999.98619001), np.float64(587999.9592918237), np.float64(587999.9069013173), np.float64(587999.8048585692), np.float64(587999.6061065284), np.float64(587999.2189907662), np.float64(587998.4649935601), np.float64(587996.9964126241), np.float64(587994.1360268507)] [np.float64(309833.4923073854), np.float64(204036.37002943145), np.float64(110865.49418066832), np.float64(42962.87707129684), np.float64(0.0)]
DEBUG days_x: ['D-30', 'D-29', 'D-28', 'D-27', 'D-26', 'D-25', 'D-24', 'D-23', 'D-22', 'D-21'] ['D-4', 'D-3', 'D-2', 'D-1', 'D-0']
DEBUG asset_value: [np.float64(588000.0), np.float64(587999.98619001), np.float64(587999.9592918237), np.float64(587999.9069013173), np.float64(587999.8048585692), np.float64(587999.6061065284), np.float64(587999.2189907662), np.float64(587998.4649935601), np.float64(587996.9964126241), np.float64(587994.1360268507)] [np.float64(309833.4923073854), np.float64(204036.37002943145), np.float64(110865.49418066832), np.float64(42962.87707129684), np.float64(0.0)]
DEBUG days_x: ['D-30', 'D-29', 'D-28', 'D-27', 'D-26', 'D-25', 'D-24', 'D-23', 'D-22', 'D-21'] ['D-4', 'D-3', 'D-2', 'D-1', 'D-0']
DEBUG asset_value: [np.float64(588000.0), np.float64(587999.98619001), np.float64(587999.9592918237), np.float64(587999.9069013173), np.float64(587999.8048585692), np.float64(587999.6061065284), np.float64(587999.2189907662), np.float64(587998.4649935601), np.float64(587996.9964126241), np.float64(587994.1360268507)] [np.float64(309833.4923073854), np.float64(204036.37002943145), np.float64(110865.49418066832), np.float64(42962.87707129684), np.float64(0.0)]
DEBUG days_x: ['D-30', 'D-29', 'D-28', 'D-27', 'D-26', 'D-25', 'D-24', 'D-23', 'D-22', 'D-21'] ['D-4', 'D-3', 'D-2', 'D-1', 'D-0']
DEBUG asset_value: [np.float64(588000.0), np.float64(587999.98619001), np.float64(587999.9592918237), np.float64(587999.9069013173), np.float64(587999.8048585692), np.float64(587999.6061065284), np.float64(587999.2189907662), np.float64(587998.4649935601), np.float64(587996.9964126241), np.float64(587994.1360268507)] [np.float64(309833.4923073854), np.float64(204036.37002943145), np.float64(110865.49418066832), np.float64(42962.87707129684), np.float64(0.0)]
DEBUG days_x: ['D-9', 'D-8', 'D-7', 'D-6', 'D-5', 'D-4', 'D-3', 'D-2', 'D-1', 'D-0'] ['D-4', 'D-3', 'D-2', 'D-1', 'D-0']
DEBUG asset_value: [np.float64(588000.0), np.float64(587999.8801076978), np.float64(587998.7737659052), np.float64(587988.5648293535), np.float64(587894.3739933411), np.float64(587026.5022983209), np.float64(579127.4358364302), np.float64(514492.61737516), np.float64(238899.6678132378), np.float64(0.0)] [np.float64(587026.5022983209), np.float64(579127.4358364302), np.float64(514492.61737516), np.float64(238899.6678132378), np.float64(0.0)]
DEBUG days_x: ['D-30', 'D-29', 'D-28', 'D-27', 'D-26', 'D-25', 'D-24', 'D-23', 'D-22', 'D-21'] ['D-4', 'D-3', 'D-2', 'D-1', 'D-0']
DEBUG asset_value: [np.float64(588000.0), np.float64(587999.98619001), np.float64(587999.9592918237), np.float64(587999.9069013173), np.float64(587999.8048585692), np.float64(587999.6061065284), np.float64(587999.2189907662), np.float64(587998.4649935601), np.float64(587996.9964126241), np.float64(587994.1360268507)] [np.float64(309833.4923073854), np.float64(204036.37002943145), np.float64(110865.49418066832), np.float64(42962.87707129684), np.float64(0.0)]
DEBUG days_x: ['D-30', 'D-29', 'D-28', 'D-27', 'D-26', 'D-25', 'D-24', 'D-23', 'D-22', 'D-21'] ['D-4', 'D-3', 'D-2', 'D-1', 'D-0']
DEBUG asset_value: [np.float64(588000.0), np.float64(587999.98619001), np.float64(587999.9592918237), np.float64(587999.9069013173), np.float64(587999.8048585692), np.float64(587999.6061065284), np.float64(587999.2189907662), np.float64(587998.4649935601), np.float64(587996.9964126241), np.float64(587994.1360268507)] [np.float64(309833.4923073854), np.float64(204036.37002943145), np.float64(110865.49418066832), np.float64(42962.87707129684), np.float64(0.0)]
DEBUG days_x: ['D-2', 'D-1', 'D-0'] ['D-2', 'D-1', 'D-0']
DEBUG asset_value: [np.float64(588000.0), np.float64(587679.2145069237), np.float64(0.0)] [np.float64(588000.0), np.float64(587679.2145069237), np.float64(0.0)]
DEBUG days_x: ['D-2', 'D-1', 'D-0'] ['D-2', 'D-1', 'D-0']
DEBUG asset_value: [np.float64(346489.0), np.float64(346299.9716926692), np.float64(0.0)] [np.float64(346489.0), np.float64(346299.9716926692), np.float64(0.0)]
DEBUG days_x: ['D-2', 'D-1', 'D-0'] ['D-2', 'D-1', 'D-0']
DEBUG asset_value: [np.float64(346489.0), np.float64(346299.9716926692), np.float64(0.0)] [np.float64(346489.0), np.float64(346299.9716926692), np.float64(0.0)]
DEBUG days_x: ['D-2', 'D-1', 'D-0'] ['D-2', 'D-1', 'D-0']
DEBUG asset_value: [np.float64(346489.0), np.float64(346299.9716926692), np.float64(0.0)] [np.float64(346489.0), np.float64(346299.9716926692), np.float64(0.0)]
DEBUG days_x: ['D-2', 'D-1', 'D-0'] ['D-2', 'D-1', 'D-0']
DEBUG asset_value: [np.float64(346489.0), np.float64(346299.9716926692), np.float64(0.0)] [np.float64(346489.0), np.float64(346299.9716926692), np.float64(0.0)]
DEBUG days_x: ['D-1', 'D-0'] ['D-1', 'D-0']
DEBUG asset_value: [np.float64(504000.0), np.float64(0.0)] [np.float64(504000.0), np.float64(0.0)]
DEBUG days_x: ['D-1', 'D-0'] ['D-1', 'D-0']
DEBUG asset_value: [np.float64(504000.0), np.float64(0.0)] [np.float64(504000.0), np.float64(0.0)]
DEBUG days_x: ['D-9', 'D-8', 'D-7', 'D-6', 'D-5', 'D-4', 'D-3', 'D-2', 'D-1', 'D-0'] ['D-4', 'D-3', 'D-2', 'D-1', 'D-0']
DEBUG asset_value: [np.float64(588000.0), np.float64(587999.8801076978), np.float64(587998.7737659052), np.float64(587988.5648293535), np.float64(587894.3739933411), np.float64(587026.5022983209), np.float64(579127.4358364302), np.float64(514492.61737516), np.float64(238899.6678132378), np.float64(0.0)] [np.float64(587026.5022983209), np.float64(579127.4358364302), np.float64(514492.61737516), np.float64(238899.6678132378), np.float64(0.0)]
DEBUG days_x: ['D-1', 'D-0'] ['D-1', 'D-0']
DEBUG asset_value: [np.float64(504000.0), np.float64(0.0)] [np.float64(504000.0), np.float64(0.0)]
DEBUG days_x: ['D-1', 'D-0'] ['D-1', 'D-0']
DEBUG asset_value: [np.float64(504000.0), np.float64(0.0)] [np.float64(504000.0), np.float64(0.0)]
DEBUG days_x: ['D-1', 'D-0'] ['D-1', 'D-0']
DEBUG asset_value: [np.float64(504000.0), np.float64(0.0)] [np.float64(504000.0), np.float64(0.0)]
DEBUG days_x: ['D-25', 'D-24', 'D-23', 'D-22', 'D-21', 'D-20', 'D-19', 'D-18', 'D-17', 'D-16'] ['D-4', 'D-3', 'D-2', 'D-1', 'D-0']
DEBUG asset_value: [np.float64(588000.0), np.float64(587999.9821419225), np.float64(587999.9423980435), np.float64(587999.8539464319), np.float64(587999.6570938377), np.float64(587999.2189907662), np.float64(587998.243976598), np.float64(587996.0740533016), np.float64(587991.2448528967), np.float64(587980.4975307757)] [np.float64(389167.5747899568), np.float64(267328.9283577547), np.float64(145490.28192555276), np.float64(54391.5359500375), np.float64(0.0)]
DEBUG days_x: ['D-25', 'D-24', 'D-23', 'D-22', 'D-21', 'D-20', 'D-19', 'D-18', 'D-17', 'D-16'] ['D-4', 'D-3', 'D-2', 'D-1', 'D-0']
DEBUG asset_value: [np.float64(588000.0), np.float64(587999.9821419225), np.float64(587999.9423980435), np.float64(587999.8539464319), np.float64(587999.6570938377), np.float64(587999.2189907662), np.float64(587998.243976598), np.float64(587996.0740533016), np.float64(587991.2448528967), np.float64(587980.4975307757)] [np.float64(389167.5747899568), np.float64(267328.9283577547), np.float64(145490.28192555276), np.float64(54391.5359500375), np.float64(0.0)]
DEBUG days_x: ['D-25', 'D-24', 'D-23', 'D-22', 'D-21', 'D-20', 'D-19', 'D-18', 'D-17', 'D-16'] ['D-4', 'D-3', 'D-2', 'D-1', 'D-0']
DEBUG asset_value: [np.float64(588000.0), np.float64(587999.9821419225), np.float64(587999.9423980435), np.float64(587999.8539464319), np.float64(587999.6570938377), np.float64(587999.2189907662), np.float64(587998.243976598), np.float64(587996.0740533016), np.float64(587991.2448528967), np.float64(587980.4975307757)] [np.float64(389167.5747899568), np.float64(267328.9283577547), np.float64(145490.28192555276), np.float64(54391.5359500375), np.float64(0.0)]
DEBUG days_x: ['D-45', 'D-44', 'D-43', 'D-42', 'D-41', 'D-40', 'D-39', 'D-38', 'D-37', 'D-36'] ['D-4', 'D-3', 'D-2', 'D-1', 'D-0']
DEBUG asset_value: [np.float64(840000.0), np.float64(839999.9883505668), np.float64(839999.9701818379), np.float64(839999.9418454624), np.float64(839999.8976513891), np.float64(839999.8287252825), np.float64(839999.7212265275), np.float64(839999.5535689937), np.float64(839999.292086487), np.float64(839998.8842725232)] [np.float64(243804.86541528453), np.float64(158379.27740095474), np.float64(89422.78659702811), np.float64(37359.23277709863), np.float64(0.0)]
DEBUG days_x: ['D-45', 'D-44', 'D-43', 'D-42', 'D-41', 'D-40', 'D-39', 'D-38', 'D-37', 'D-36'] ['D-4', 'D-3', 'D-2', 'D-1', 'D-0']
DEBUG asset_value: [np.float64(840000.0), np.float64(839999.9883505668), np.float64(839999.9701818379), np.float64(839999.9418454624), np.float64(839999.8976513891), np.float64(839999.8287252825), np.float64(839999.7212265275), np.float64(839999.5535689937), np.float64(839999.292086487), np.float64(839998.8842725232)] [np.float64(243804.86541528453), np.float64(158379.27740095474), np.float64(89422.78659702811), np.float64(37359.23277709863), np.float64(0.0)]
DEBUG days_x: ['D-45', 'D-44', 'D-43', 'D-42', 'D-41', 'D-40', 'D-39', 'D-38', 'D-37', 'D-36'] ['D-4', 'D-3', 'D-2', 'D-1', 'D-0']
DEBUG asset_value: [np.float64(840000.0), np.float64(839999.9883505668), np.float64(839999.9701818379), np.float64(839999.9418454624), np.float64(839999.8976513891), np.float64(839999.8287252825), np.float64(839999.7212265275), np.float64(839999.5535689937), np.float64(839999.292086487), np.float64(839998.8842725232)] [np.float64(243804.86541528453), np.float64(158379.27740095474), np.float64(89422.78659702811), np.float64(37359.23277709863), np.float64(0.0)]
DEBUG days_x: ['D-45', 'D-44', 'D-43', 'D-42', 'D-41', 'D-40', 'D-39', 'D-38', 'D-37', 'D-36'] ['D-4', 'D-3', 'D-2', 'D-1', 'D-0']
DEBUG asset_value: [np.float64(840000.0), np.float64(839999.9883505668), np.float64(839999.9701818379), np.float64(839999.9418454624), np.float64(839999.8976513891), np.float64(839999.8287252825), np.float64(839999.7212265275), np.float64(839999.5535689937), np.float64(839999.292086487), np.float64(839998.8842725232)] [np.float64(243804.86541528453), np.float64(158379.27740095474), np.float64(89422.78659702811), np.float64(37359.23277709863), np.float64(0.0)]
DEBUG days_x: ['D-45', 'D-44', 'D-43', 'D-42', 'D-41', 'D-40', 'D-39', 'D-38', 'D-37', 'D-36'] ['D-4', 'D-3', 'D-2', 'D-1', 'D-0']
DEBUG asset_value: [np.float64(840000.0), np.float64(839999.9883505668), np.float64(839999.9701818379), np.float64(839999.9418454624), np.float64(839999.8976513891), np.float64(839999.8287252825), np.float64(839999.7212265275), np.float64(839999.5535689937), np.float64(839999.292086487), np.float64(839998.8842725232)] [np.float64(243804.86541528453), np.float64(158379.27740095474), np.float64(89422.78659702811), np.float64(37359.23277709863), np.float64(0.0)]
DEBUG days_x: ['D-25', 'D-24', 'D-23', 'D-22', 'D-21', 'D-20', 'D-19', 'D-18', 'D-17', 'D-16'] ['D-4', 'D-3', 'D-2', 'D-1', 'D-0']
DEBUG asset_value: [np.float64(588000.0), np.float64(587999.9821419225), np.float64(587999.9423980435), np.float64(587999.8539464319), np.float64(587999.6570938377), np.float64(587999.2189907662), np.float64(587998.243976598), np.float64(587996.0740533016), np.float64(587991.2448528967), np.float64(587980.4975307757)] [np.float64(389167.5747899568), np.float64(267328.9283577547), np.float64(145490.28192555276), np.float64(54391.5359500375), np.float64(0.0)]
DEBUG days_x: ['D-45', 'D-44', 'D-43', 'D-42', 'D-41', 'D-40', 'D-39', 'D-38', 'D-37', 'D-36'] ['D-4', 'D-3', 'D-2', 'D-1', 'D-0']
DEBUG asset_value: [np.float64(840000.0), np.float64(839999.9883505668), np.float64(839999.9701818379), np.float64(839999.9418454624), np.float64(839999.8976513891), np.float64(839999.8287252825), np.float64(839999.7212265275), np.float64(839999.5535689937), np.float64(839999.292086487), np.float64(839998.8842725232)] [np.float64(243804.86541528453), np.float64(158379.27740095474), np.float64(89422.78659702811), np.float64(37359.23277709863), np.float64(0.0)]
DEBUG days_x: ['D-45', 'D-44', 'D-43', 'D-42', 'D-41', 'D-40', 'D-39', 'D-38', 'D-37', 'D-36'] ['D-4', 'D-3', 'D-2', 'D-1', 'D-0']
DEBUG asset_value: [np.float64(840000.0), np.float64(839999.9883505668), np.float64(839999.9701818379), np.float64(839999.9418454624), np.float64(839999.8976513891), np.float64(839999.8287252825), np.float64(839999.7212265275), np.float64(839999.5535689937), np.float64(839999.292086487), np.float64(839998.8842725232)] [np.float64(243804.86541528453), np.float64(158379.27740095474), np.float64(89422.78659702811), np.float64(37359.23277709863), np.float64(0.0)]
DEBUG days_x: ['D-45', 'D-44', 'D-43', 'D-42', 'D-41', 'D-40', 'D-39', 'D-38', 'D-37', 'D-36'] ['D-4', 'D-3', 'D-2', 'D-1', 'D-0']
DEBUG asset_value: [np.float64(840000.0), np.float64(839999.9883505668), np.float64(839999.9701818379), np.float64(839999.9418454624), np.float64(839999.8976513891), np.float64(839999.8287252825), np.float64(839999.7212265275), np.float64(839999.5535689937), np.float64(839999.292086487), np.float64(839998.8842725232)] [np.float64(243804.86541528453), np.float64(158379.27740095474), np.float64(89422.78659702811), np.float64(37359.23277709863), np.float64(0.0)]
DEBUG days_x: ['D-45', 'D-44', 'D-43', 'D-42', 'D-41', 'D-40', 'D-39', 'D-38', 'D-37', 'D-36'] ['D-4', 'D-3', 'D-2', 'D-1', 'D-0']
DEBUG asset_value: [np.float64(840000.0), np.float64(839999.9883505668), np.float64(839999.9701818379), np.float64(839999.9418454624), np.float64(839999.8976513891), np.float64(839999.8287252825), np.float64(839999.7212265275), np.float64(839999.5535689937), np.float64(839999.292086487), np.float64(839998.8842725232)] [np.float64(243804.86541528453), np.float64(158379.27740095474), np.float64(89422.78659702811), np.float64(37359.23277709863), np.float64(0.0)]
DEBUG days_x: ['D-45', 'D-44', 'D-43', 'D-42', 'D-41', 'D-40', 'D-39', 'D-38', 'D-37', 'D-36'] ['D-4', 'D-3', 'D-2', 'D-1', 'D-0']
DEBUG asset_value: [np.float64(1511952.0), np.float64(1511951.979031686), np.float64(1511951.946329012), np.float64(1511951.8953251555), np.float64(1511951.815778349), np.float64(1511951.6917152957), np.float64(1511951.4982236794), np.float64(1511951.1964496989), np.float64(1511950.7257961289), np.float64(1511949.9917542976)] [np.float64(438834.826040917), np.float64(285073.6490772956), np.float64(160955.90600113076), np.float64(67244.48418547599), np.float64(0.0)]
DEBUG days_x: ['D-45', 'D-44', 'D-43', 'D-42', 'D-41', 'D-40', 'D-39', 'D-38', 'D-37', 'D-36'] ['D-4', 'D-3', 'D-2', 'D-1', 'D-0']
DEBUG asset_value: [np.float64(1511952.0), np.float64(1511951.979031686), np.float64(1511951.946329012), np.float64(1511951.8953251555), np.float64(1511951.815778349), np.float64(1511951.6917152957), np.float64(1511951.4982236794), np.float64(1511951.1964496989), np.float64(1511950.7257961289), np.float64(1511949.9917542976)] [np.float64(438834.826040917), np.float64(285073.6490772956), np.float64(160955.90600113076), np.float64(67244.48418547599), np.float64(0.0)]
DEBUG days_x: ['D-25', 'D-24', 'D-23', 'D-22', 'D-21', 'D-20', 'D-19', 'D-18', 'D-17', 'D-16'] ['D-4', 'D-3', 'D-2', 'D-1', 'D-0']
DEBUG asset_value: [np.float64(588000.0), np.float64(587999.9821419225), np.float64(587999.9423980435), np.float64(587999.8539464319), np.float64(587999.6570938377), np.float64(587999.2189907662), np.float64(587998.243976598), np.float64(587996.0740533016), np.float64(587991.2448528967), np.float64(587980.4975307757)] [np.float64(389167.5747899568), np.float64(267328.9283577547), np.float64(145490.28192555276), np.float64(54391.5359500375), np.float64(0.0)]
DEBUG days_x: ['D-14', 'D-13', 'D-12', 'D-11', 'D-10', 'D-9', 'D-8', 'D-7', 'D-6', 'D-5'] ['D-4', 'D-3', 'D-2', 'D-1', 'D-0']
DEBUG asset_value: [np.float64(504000.0), np.float64(503999.9603727694), np.float64(503999.79501894274), np.float64(503999.1050425015), np.float64(503996.22597311885), np.float64(503984.21270820894), np.float64(503934.0902167547), np.float64(503725.0410059346), np.float64(502854.4476787131), np.float64(499251.2724258755)] [np.float64(484713.38178025524), np.float64(431583.009571054), np.float64(290892.7266856741), np.float64(105229.4919590117), np.float64(0.0)]
DEBUG days_x: ['D-14', 'D-13', 'D-12', 'D-11', 'D-10', 'D-9', 'D-8', 'D-7', 'D-6', 'D-5'] ['D-4', 'D-3', 'D-2', 'D-1', 'D-0']
DEBUG asset_value: [np.float64(262500.0), np.float64(262499.9793608174), np.float64(262499.8932390327), np.float64(262499.5338763029), np.float64(262498.0343609994), np.float64(262491.77745219215), np.float64(262465.67198789306), np.float64(262356.79219059093), np.float64(261903.35816599644), np.float64(260026.7043884768)] [np.float64(252454.8863438829), np.float64(224782.81748492396), np.float64(151506.62848212195), np.float64(54807.02706198527), np.float64(0.0)]
DEBUG days_x: ['D-14', 'D-13', 'D-12', 'D-11', 'D-10', 'D-9', 'D-8', 'D-7', 'D-6', 'D-5'] ['D-4', 'D-3', 'D-2', 'D-1', 'D-0']
DEBUG asset_value: [np.float64(346489.0), np.float64(346488.97275714384), np.float64(346488.85907999694), np.float64(346488.3847362526), np.float64(346486.4054388889), np.float64(346478.1465814575), np.float64(346443.688462526), np.float64(346299.9716926692), np.float64(345701.4577812493), np.float64(343224.3534356531)] [np.float64(333229.87091202155), np.float64(296703.89960965264), np.float64(199982.40074720743), np.float64(72342.97904640081), np.float64(0.0)]
DEBUG days_x: ['D-14', 'D-13', 'D-12', 'D-11', 'D-10', 'D-9', 'D-8', 'D-7', 'D-6', 'D-5'] ['D-4', 'D-3', 'D-2', 'D-1', 'D-0']
DEBUG asset_value: [np.float64(743400.0), np.float64(743399.9415498348), np.float64(743399.6976529405), np.float64(743398.6799376898), np.float64(743394.4333103504), np.float64(743376.7137446082), np.float64(743302.7830697132), np.float64(742994.4354837536), np.float64(741710.310326102), np.float64(736395.6268281663)] [np.float64(714952.2381258764), np.float64(636584.9391173046), np.float64(429066.7718613693), np.float64(155213.50063954227), np.float64(0.0)]
DEBUG days_x: ['D-14', 'D-13', 'D-12', 'D-11', 'D-10', 'D-9', 'D-8', 'D-7', 'D-6', 'D-5'] ['D-4', 'D-3', 'D-2', 'D-1', 'D-0']
DEBUG asset_value: [np.float64(504000.0), np.float64(503999.9603727694), np.float64(503999.79501894274), np.float64(503999.1050425015), np.float64(503996.22597311885), np.float64(503984.21270820894), np.float64(503934.0902167547), np.float64(503725.0410059346), np.float64(502854.4476787131), np.float64(499251.2724258755)] [np.float64(484713.38178025524), np.float64(431583.009571054), np.float64(290892.7266856741), np.float64(105229.4919590117), np.float64(0.0)]
DEBUG days_x: ['D-14', 'D-13', 'D-12', 'D-11', 'D-10', 'D-9', 'D-8', 'D-7', 'D-6', 'D-5'] ['D-4', 'D-3', 'D-2', 'D-1', 'D-0']
DEBUG asset_value: [np.float64(504000.0), np.float64(503999.9603727694), np.float64(503999.79501894274), np.float64(503999.1050425015), np.float64(503996.22597311885), np.float64(503984.21270820894), np.float64(503934.0902167547), np.float64(503725.0410059346), np.float64(502854.4476787131), np.float64(499251.2724258755)] [np.float64(484713.38178025524), np.float64(431583.009571054), np.float64(290892.7266856741), np.float64(105229.4919590117), np.float64(0.0)]
DEBUG days_x: ['D-14', 'D-13', 'D-12', 'D-11', 'D-10', 'D-9', 'D-8', 'D-7', 'D-6', 'D-5'] ['D-4', 'D-3', 'D-2', 'D-1', 'D-0']
DEBUG asset_value: [np.float64(262500.0), np.float64(262499.9793608174), np.float64(262499.8932390327), np.float64(262499.5338763029), np.float64(262498.0343609994), np.float64(262491.77745219215), np.float64(262465.67198789306), np.float64(262356.79219059093), np.float64(261903.35816599644), np.float64(260026.7043884768)] [np.float64(252454.8863438829), np.float64(224782.81748492396), np.float64(151506.62848212195), np.float64(54807.02706198527), np.float64(0.0)]
DEBUG days_x: ['D-14', 'D-13', 'D-12', 'D-11', 'D-10', 'D-9', 'D-8', 'D-7', 'D-6', 'D-5'] ['D-4', 'D-3', 'D-2', 'D-1', 'D-0']
DEBUG asset_value: [np.float64(346489.0), np.float64(346488.97275714384), np.float64(346488.85907999694), np.float64(346488.3847362526), np.float64(346486.4054388889), np.float64(346478.1465814575), np.float64(346443.688462526), np.float64(346299.9716926692), np.float64(345701.4577812493), np.float64(343224.3534356531)] [np.float64(333229.87091202155), np.float64(296703.89960965264), np.float64(199982.40074720743), np.float64(72342.97904640081), np.float64(0.0)]
DEBUG days_x: ['D-14', 'D-13', 'D-12', 'D-11', 'D-10', 'D-9', 'D-8', 'D-7', 'D-6', 'D-5'] ['D-4', 'D-3', 'D-2', 'D-1', 'D-0']
DEBUG asset_value: [np.float64(346489.0), np.float64(346488.97275714384), np.float64(346488.85907999694), np.float64(346488.3847362526), np.float64(346486.4054388889), np.float64(346478.1465814575), np.float64(346443.688462526), np.float64(346299.9716926692), np.float64(345701.4577812493), np.float64(343224.3534356531)] [np.float64(333229.87091202155), np.float64(296703.89960965264), np.float64(199982.40074720743), np.float64(72342.97904640081), np.float64(0.0)]
DEBUG days_x: ['D-14', 'D-13', 'D-12', 'D-11', 'D-10', 'D-9', 'D-8', 'D-7', 'D-6', 'D-5'] ['D-4', 'D-3', 'D-2', 'D-1', 'D-0']
DEBUG asset_value: [np.float64(346489.0), np.float64(346488.97275714384), np.float64(346488.85907999694), np.float64(346488.3847362526), np.float64(346486.4054388889), np.float64(346478.1465814575), np.float64(346443.688462526), np.float64(346299.9716926692), np.float64(345701.4577812493), np.float64(343224.3534356531)] [np.float64(333229.87091202155), np.float64(296703.89960965264), np.float64(199982.40074720743), np.float64(72342.97904640081), np.float64(0.0)]
DEBUG days_x: ['D-14', 'D-13', 'D-12', 'D-11', 'D-10', 'D-9', 'D-8', 'D-7', 'D-6', 'D-5'] ['D-4', 'D-3', 'D-2', 'D-1', 'D-0']
DEBUG asset_value: [np.float64(346489.0), np.float64(346488.97275714384), np.float64(346488.85907999694), np.float64(346488.3847362526), np.float64(346486.4054388889), np.float64(346478.1465814575), np.float64(346443.688462526), np.float64(346299.9716926692), np.float64(345701.4577812493), np.float64(343224.3534356531)] [np.float64(333229.87091202155), np.float64(296703.89960965264), np.float64(199982.40074720743), np.float64(72342.97904640081), np.float64(0.0)]
DEBUG days_x: ['D-14', 'D-13', 'D-12', 'D-11', 'D-10', 'D-9', 'D-8', 'D-7', 'D-6', 'D-5'] ['D-4', 'D-3', 'D-2', 'D-1', 'D-0']
DEBUG asset_value: [np.float64(346489.0), np.float64(346488.97275714384), np.float64(346488.85907999694), np.float64(346488.3847362526), np.float64(346486.4054388889), np.float64(346478.1465814575), np.float64(346443.688462526), np.float64(346299.9716926692), np.float64(345701.4577812493), np.float64(343224.3534356531)] [np.float64(333229.87091202155), np.float64(296703.89960965264), np.float64(199982.40074720743), np.float64(72342.97904640081), np.float64(0.0)]
DEBUG days_x: ['D-14', 'D-13', 'D-12', 'D-11', 'D-10', 'D-9', 'D-8', 'D-7', 'D-6', 'D-5'] ['D-4', 'D-3', 'D-2', 'D-1', 'D-0']
DEBUG asset_value: [np.float64(346489.0), np.float64(346488.97275714384), np.float64(346488.85907999694), np.float64(346488.3847362526), np.float64(346486.4054388889), np.float64(346478.1465814575), np.float64(346443.688462526), np.float64(346299.9716926692), np.float64(345701.4577812493), np.float64(343224.3534356531)] [np.float64(333229.87091202155), np.float64(296703.89960965264), np.float64(199982.40074720743), np.float64(72342.97904640081), np.float64(0.0)]
DEBUG days_x: ['D-2', 'D-1', 'D-0'] ['D-2', 'D-1', 'D-0']
DEBUG asset_value: [np.float64(588000.0), np.float64(587679.2145069237), np.float64(0.0)] [np.float64(588000.0), np.float64(587679.2145069237), np.float64(0.0)]
DEBUG days_x: ['D-1', 'D-0'] ['D-1', 'D-0']
DEBUG asset_value: [np.float64(588000.0), np.float64(0.0)] [np.float64(588000.0), np.float64(0.0)]
DEBUG days_x: ['D-1', 'D-0'] ['D-1', 'D-0']
DEBUG asset_value: [np.float64(588000.0), np.float64(0.0)] [np.float64(588000.0), np.float64(0.0)]
DEBUG days_x: ['D-1', 'D-0'] ['D-1', 'D-0']
DEBUG asset_value: [np.float64(588000.0), np.float64(0.0)] [np.float64(588000.0), np.float64(0.0)]
  Stopping...
